Year,BASE_PER,NATURE,COMMENT_OBS,SOURCE_DETAIL,SDG Series,Sex,Age,Degree of urbanisation,Base period,Nature of data points,Observation-level footnotes,Source details,Value
2011,2017,G,"Accessed September 14, 2022. Based on data from ICES. Estimated from grouped consumption data. ","Poverty and Inequality Portal, World Bank",Proportion of population below international poverty line [1.1.1],,,,2017,Global monitoring data,"Accessed September 14, 2022. Based on data from PICES. Estimated from imputed unit-record consumption data. ","Poverty and Inequality Portal, World Bank",21.6
2017,2017,G,"Accessed September 14, 2022. Based on data from PICES. Estimated from unit-record consumption data. ","Poverty and Inequality Portal, World Bank",Proportion of population below international poverty line [1.1.1],,,,2017,Global monitoring data,"Accessed September 14, 2022. Based on data from PICES. Estimated from imputed unit-record consumption data. ","Poverty and Inequality Portal, World Bank",34.2
2019,2017,G,"Accessed September 14, 2022. Based on data from PICES. Estimated from imputed unit-record consumption data. ","Poverty and Inequality Portal, World Bank",Proportion of population below international poverty line [1.1.1],,,,2017,Global monitoring data,"Accessed September 14, 2022. Based on data from PICES. Estimated from imputed unit-record consumption data. ","Poverty and Inequality Portal, World Bank",39.8
2017,2017,G,"Accessed September 14, 2022. Survey name: PICES. Uses a consumption aggregate, which is not spatially deflated.","Poverty and Inequality Portal, World Bank",Proportion of population below international poverty line [1.1.1],,,Rural,2017,Global monitoring data,"Accessed September 14, 2022. Survey name: PICES. Uses a consumption aggregate, which is not spatially deflated.","Poverty and Inequality Portal, World Bank",47.92728
2019,2017,G,"Accessed September 14, 2022. Survey name: PICES. Uses a consumption aggregate, which is not spatially deflated.","Poverty and Inequality Portal, World Bank",Proportion of population below international poverty line [1.1.1],,,Rural,2017,Global monitoring data,"Accessed September 14, 2022. Survey name: PICES. Uses a consumption aggregate, which is not spatially deflated.","Poverty and Inequality Portal, World Bank",52.61328
2017,2017,G,"Accessed September 14, 2022. Survey name: PICES. Uses a consumption aggregate, which is not spatially deflated.","Poverty and Inequality Portal, World Bank",Proportion of population below international poverty line [1.1.1],,,Urban,2017,Global monitoring data,"Accessed September 14, 2022. Survey name: PICES. Uses a consumption aggregate, which is not spatially deflated.","Poverty and Inequality Portal, World Bank",4.78471
2019,2017,G,"Accessed September 14, 2022. Survey name: PICES. Uses a consumption aggregate, which is not spatially deflated.","Poverty and Inequality Portal, World Bank",Proportion of population below international poverty line [1.1.1],,,Urban,2017,Global monitoring data,"Accessed September 14, 2022. Survey name: PICES. Uses a consumption aggregate, which is not spatially deflated.","Poverty and Inequality Portal, World Bank",10.98269
2017,2017,G,"Accessed September 14, 2022. Survey name: PICES. Uses a consumption aggregate, which is not spatially deflated.","Poverty and Inequality Portal, World Bank",Proportion of population below international poverty line [1.1.1],,65 years old and over,,2017,Global monitoring data,"Accessed September 14, 2022. Survey name: PICES. Uses a consumption aggregate, which is not spatially deflated.","Poverty and Inequality Portal, World Bank",29.6625
2019,2017,G,"Accessed September 14, 2022. Survey name: PICES. Uses a consumption aggregate, which is not spatially deflated.","Poverty and Inequality Portal, World Bank",Proportion of population below international poverty line [1.1.1],,65 years old and over,,2017,Global monitoring data,"Accessed September 14, 2022. Survey name: PICES. Uses a consumption aggregate, which is not spatially deflated.","Poverty and Inequality Portal, World Bank",33.05316
2017,2017,G,"Accessed September 14, 2022. Survey name: PICES. Uses a consumption aggregate, which is not spatially deflated.","Poverty and Inequality Portal, World Bank",Proportion of population below international poverty line [1.1.1],,under 15 years old,,2017,Global monitoring data,"Accessed September 14, 2022. Survey name: PICES. Uses a consumption aggregate, which is not spatially deflated.","Poverty and Inequality Portal, World Bank",41.19563
2019,2017,G,"Accessed September 14, 2022. Survey name: PICES. Uses a consumption aggregate, which is not spatially deflated.","Poverty and Inequality Portal, World Bank",Proportion of population below international poverty line [1.1.1],,under 15 years old,,2017,Global monitoring data,"Accessed September 14, 2022. Survey name: PICES. Uses a consumption aggregate, which is not spatially deflated.","Poverty and Inequality Portal, World Bank",47.24313
2017,2017,G,"Accessed September 14, 2022. Survey name: PICES. Uses a consumption aggregate, which is not spatially deflated.","Poverty and Inequality Portal, World Bank",Proportion of population below international poverty line [1.1.1],,15 to 64 years old,,2017,Global monitoring data,"Accessed September 14, 2022. Survey name: PICES. Uses a consumption aggregate, which is not spatially deflated.","Poverty and Inequality Portal, World Bank",29.73578
2019,2017,G,"Accessed September 14, 2022. Survey name: PICES. Uses a consumption aggregate, which is not spatially deflated.","Poverty and Inequality Portal, World Bank",Proportion of population below international poverty line [1.1.1],,15 to 64 years old,,2017,Global monitoring data,"Accessed September 14, 2022. Survey name: PICES. Uses a consumption aggregate, which is not spatially deflated.","Poverty and Inequality Portal, World Bank",34.9821
2017,2017,G,"Accessed September 14, 2022. Survey name: PICES. Uses a consumption aggregate, which is not spatially deflated.","Poverty and Inequality Portal, World Bank",Proportion of population below international poverty line [1.1.1],Female,,,2017,Global monitoring data,"Accessed September 14, 2022. Survey name: PICES. Uses a consumption aggregate, which is not spatially deflated.","Poverty and Inequality Portal, World Bank",34.27809
2019,2017,G,"Accessed September 14, 2022. Survey name: PICES. Uses a consumption aggregate, which is not spatially deflated.","Poverty and Inequality Portal, World Bank",Proportion of population below international poverty line [1.1.1],Female,,,2017,Global monitoring data,"Accessed September 14, 2022. Survey name: PICES. Uses a consumption aggregate, which is not spatially deflated.","Poverty and Inequality Portal, World Bank",39.44854
2017,2017,G,"Accessed September 14, 2022. Survey name: PICES. Uses a consumption aggregate, which is not spatially deflated.","Poverty and Inequality Portal, World Bank",Proportion of population below international poverty line [1.1.1],Male,,,2017,Global monitoring data,"Accessed September 14, 2022. Survey name: PICES. Uses a consumption aggregate, which is not spatially deflated.","Poverty and Inequality Portal, World Bank",34.54693
2019,2017,G,"Accessed September 14, 2022. Survey name: PICES. Uses a consumption aggregate, which is not spatially deflated.","Poverty and Inequality Portal, World Bank",Proportion of population below international poverty line [1.1.1],Male,,,2017,Global monitoring data,"Accessed September 14, 2022. Survey name: PICES. Uses a consumption aggregate, which is not spatially deflated.","Poverty and Inequality Portal, World Bank",40.08752
2000,,M,,"Source = ILO modelled estimates, November 2021, available in ILOSTAT (https://ilostat.ilo.org/). For the specific sources by country and the estimation methodology refer to ILOSTAT directly.",Employed population below international poverty line [1.1.1],,15 years old and over,,,Modeled,,"Source = ILO modelled estimates, November 2021, available in ILOSTAT (https://ilostat.ilo.org/). For the specific sources by country and the estimation methodology refer to ILOSTAT directly.",8.8
2001,,M,,"Source = ILO modelled estimates, November 2021, available in ILOSTAT (https://ilostat.ilo.org/). For the specific sources by country and the estimation methodology refer to ILOSTAT directly.",Employed population below international poverty line [1.1.1],,15 years old and over,,,Modeled,,"Source = ILO modelled estimates, November 2021, available in ILOSTAT (https://ilostat.ilo.org/). For the specific sources by country and the estimation methodology refer to ILOSTAT directly.",8.5
2002,,M,,"Source = ILO modelled estimates, November 2021, available in ILOSTAT (https://ilostat.ilo.org/). For the specific sources by country and the estimation methodology refer to ILOSTAT directly.",Employed population below international poverty line [1.1.1],,15 years old and over,,,Modeled,,"Source = ILO modelled estimates, November 2021, available in ILOSTAT (https://ilostat.ilo.org/). For the specific sources by country and the estimation methodology refer to ILOSTAT directly.",11.3
2003,,M,,"Source = ILO modelled estimates, November 2021, available in ILOSTAT (https://ilostat.ilo.org/). For the specific sources by country and the estimation methodology refer to ILOSTAT directly.",Employed population below international poverty line [1.1.1],,15 years old and over,,,Modeled,,"Source = ILO modelled estimates, November 2021, available in ILOSTAT (https://ilostat.ilo.org/). For the specific sources by country and the estimation methodology refer to ILOSTAT directly.",17.4
2004,,M,,"Source = ILO modelled estimates, November 2021, available in ILOSTAT (https://ilostat.ilo.org/). For the specific sources by country and the estimation methodology refer to ILOSTAT directly.",Employed population below international poverty line [1.1.1],,15 years old and over,,,Modeled,,"Source = ILO modelled estimates, November 2021, available in ILOSTAT (https://ilostat.ilo.org/). For the specific sources by country and the estimation methodology refer to ILOSTAT directly.",19.8
2005,,M,,"Source = ILO modelled estimates, November 2021, available in ILOSTAT (https://ilostat.ilo.org/). For the specific sources by country and the estimation methodology refer to ILOSTAT directly.",Employed population below international poverty line [1.1.1],,15 years old and over,,,Modeled,,"Source = ILO modelled estimates, November 2021, available in ILOSTAT (https://ilostat.ilo.org/). For the specific sources by country and the estimation methodology refer to ILOSTAT directly.",22.3
2006,,M,,"Source = ILO modelled estimates, November 2021, available in ILOSTAT (https://ilostat.ilo.org/). For the specific sources by country and the estimation methodology refer to ILOSTAT directly.",Employed population below international poverty line [1.1.1],,15 years old and over,,,Modeled,,"Source = ILO modelled estimates, November 2021, available in ILOSTAT (https://ilostat.ilo.org/). For the specific sources by country and the estimation methodology refer to ILOSTAT directly.",23.9
2007,,M,,"Source = ILO modelled estimates, November 2021, available in ILOSTAT (https://ilostat.ilo.org/). For the specific sources by country and the estimation methodology refer to ILOSTAT directly.",Employed population below international poverty line [1.1.1],,15 years old and over,,,Modeled,,"Source = ILO modelled estimates, November 2021, available in ILOSTAT (https://ilostat.ilo.org/). For the specific sources by country and the estimation methodology refer to ILOSTAT directly.",26.0
2008,,M,,"Source = ILO modelled estimates, November 2021, available in ILOSTAT (https://ilostat.ilo.org/). For the specific sources by country and the estimation methodology refer to ILOSTAT directly.",Employed population below international poverty line [1.1.1],,15 years old and over,,,Modeled,,"Source = ILO modelled estimates, November 2021, available in ILOSTAT (https://ilostat.ilo.org/). For the specific sources by country and the estimation methodology refer to ILOSTAT directly.",35.9
2009,,M,,"Source = ILO modelled estimates, November 2021, available in ILOSTAT (https://ilostat.ilo.org/). For the specific sources by country and the estimation methodology refer to ILOSTAT directly.",Employed population below international poverty line [1.1.1],,15 years old and over,,,Modeled,,"Source = ILO modelled estimates, November 2021, available in ILOSTAT (https://ilostat.ilo.org/). For the specific sources by country and the estimation methodology refer to ILOSTAT directly.",30.9
2010,,M,,"Source = ILO modelled estimates, November 2021, available in ILOSTAT (https://ilostat.ilo.org/). For the specific sources by country and the estimation methodology refer to ILOSTAT directly.",Employed population below international poverty line [1.1.1],,15 years old and over,,,Modeled,,"Source = ILO modelled estimates, November 2021, available in ILOSTAT (https://ilostat.ilo.org/). For the specific sources by country and the estimation methodology refer to ILOSTAT directly.",23.5
2011,,M,,"Source = ILO modelled estimates, November 2021, available in ILOSTAT (https://ilostat.ilo.org/). For the specific sources by country and the estimation methodology refer to ILOSTAT directly.",Employed population below international poverty line [1.1.1],,15 years old and over,,,Modeled,,"Source = ILO modelled estimates, November 2021, available in ILOSTAT (https://ilostat.ilo.org/). For the specific sources by country and the estimation methodology refer to ILOSTAT directly.",18.8
2012,,M,,"Source = ILO modelled estimates, November 2021, available in ILOSTAT (https://ilostat.ilo.org/). For the specific sources by country and the estimation methodology refer to ILOSTAT directly.",Employed population below international poverty line [1.1.1],,15 years old and over,,,Modeled,,"Source = ILO modelled estimates, November 2021, available in ILOSTAT (https://ilostat.ilo.org/). For the specific sources by country and the estimation methodology refer to ILOSTAT directly.",17.0
2013,,M,,"Source = ILO modelled estimates, November 2021, available in ILOSTAT (https://ilostat.ilo.org/). For the specific sources by country and the estimation methodology refer to ILOSTAT directly.",Employed population below international poverty line [1.1.1],,15 years old and over,,,Modeled,,"Source = ILO modelled estimates, November 2021, available in ILOSTAT (https://ilostat.ilo.org/). For the specific sources by country and the estimation methodology refer to ILOSTAT directly.",19.9
2014,,M,,"Source = ILO modelled estimates, November 2021, available in ILOSTAT (https://ilostat.ilo.org/). For the specific sources by country and the estimation methodology refer to ILOSTAT directly.",Employed population below international poverty line [1.1.1],,15 years old and over,,,Modeled,,"Source = ILO modelled estimates, November 2021, available in ILOSTAT (https://ilostat.ilo.org/). For the specific sources by country and the estimation methodology refer to ILOSTAT directly.",22.5
2015,,M,,"Source = ILO modelled estimates, November 2021, available in ILOSTAT (https://ilostat.ilo.org/). For the specific sources by country and the estimation methodology refer to ILOSTAT directly.",Employed population below international poverty line [1.1.1],,15 years old and over,,,Modeled,,"Source = ILO modelled estimates, November 2021, available in ILOSTAT (https://ilostat.ilo.org/). For the specific sources by country and the estimation methodology refer to ILOSTAT directly.",25.4
2016,,M,,"Source = ILO modelled estimates, November 2021, available in ILOSTAT (https://ilostat.ilo.org/). For the specific sources by country and the estimation methodology refer to ILOSTAT directly.",Employed population below international poverty line [1.1.1],,15 years old and over,,,Modeled,,"Source = ILO modelled estimates, November 2021, available in ILOSTAT (https://ilostat.ilo.org/). For the specific sources by country and the estimation methodology refer to ILOSTAT directly.",28.8
2017,,M,,"Source = ILO modelled estimates, November 2021, available in ILOSTAT (https://ilostat.ilo.org/). For the specific sources by country and the estimation methodology refer to ILOSTAT directly.",Employed population below international poverty line [1.1.1],,15 years old and over,,,Modeled,,"Source = ILO modelled estimates, November 2021, available in ILOSTAT (https://ilostat.ilo.org/). For the specific sources by country and the estimation methodology refer to ILOSTAT directly.",30.2
2018,,M,,"Source = ILO modelled estimates, November 2021, available in ILOSTAT (https://ilostat.ilo.org/). For the specific sources by country and the estimation methodology refer to ILOSTAT directly.",Employed population below international poverty line [1.1.1],,15 years old and over,,,Modeled,,"Source = ILO modelled estimates, November 2021, available in ILOSTAT (https://ilostat.ilo.org/). For the specific sources by country and the estimation methodology refer to ILOSTAT directly.",29.6
2019,,M,,"Source = ILO modelled estimates, November 2021, available in ILOSTAT (https://ilostat.ilo.org/). For the specific sources by country and the estimation methodology refer to ILOSTAT directly.",Employed population below international poverty line [1.1.1],,15 years old and over,,,Modeled,,"Source = ILO modelled estimates, November 2021, available in ILOSTAT (https://ilostat.ilo.org/). For the specific sources by country and the estimation methodology refer to ILOSTAT directly.",35.6
2020,,M,,"Source = ILO modelled estimates, November 2021, available in ILOSTAT (https://ilostat.ilo.org/). For the specific sources by country and the estimation methodology refer to ILOSTAT directly.",Employed population below international poverty line [1.1.1],,15 years old and over,,,Modeled,,"Source = ILO modelled estimates, November 2021, available in ILOSTAT (https://ilostat.ilo.org/). For the specific sources by country and the estimation methodology refer to ILOSTAT directly.",39.5
2021,,M,,"Source = ILO modelled estimates, November 2021, available in ILOSTAT (https://ilostat.ilo.org/). For the specific sources by country and the estimation methodology refer to ILOSTAT directly.",Employed population below international poverty line [1.1.1],,15 years old and over,,,Modeled,,"Source = ILO modelled estimates, November 2021, available in ILOSTAT (https://ilostat.ilo.org/). For the specific sources by country and the estimation methodology refer to ILOSTAT directly.",38.6
2000,,M,,"Source = ILO modelled estimates, November 2021, available in ILOSTAT (https://ilostat.ilo.org/). For the specific sources by country and the estimation methodology refer to ILOSTAT directly.",Employed population below international poverty line [1.1.1],,25 years old and over,,,Modeled,,"Source = ILO modelled estimates, November 2021, available in ILOSTAT (https://ilostat.ilo.org/). For the specific sources by country and the estimation methodology refer to ILOSTAT directly.",7.9
2001,,M,,"Source = ILO modelled estimates, November 2021, available in ILOSTAT (https://ilostat.ilo.org/). For the specific sources by country and the estimation methodology refer to ILOSTAT directly.",Employed population below international poverty line [1.1.1],,25 years old and over,,,Modeled,,"Source = ILO modelled estimates, November 2021, available in ILOSTAT (https://ilostat.ilo.org/). For the specific sources by country and the estimation methodology refer to ILOSTAT directly.",7.7
2002,,M,,"Source = ILO modelled estimates, November 2021, available in ILOSTAT (https://ilostat.ilo.org/). For the specific sources by country and the estimation methodology refer to ILOSTAT directly.",Employed population below international poverty line [1.1.1],,25 years old and over,,,Modeled,,"Source = ILO modelled estimates, November 2021, available in ILOSTAT (https://ilostat.ilo.org/). For the specific sources by country and the estimation methodology refer to ILOSTAT directly.",10.3
2003,,M,,"Source = ILO modelled estimates, November 2021, available in ILOSTAT (https://ilostat.ilo.org/). For the specific sources by country and the estimation methodology refer to ILOSTAT directly.",Employed population below international poverty line [1.1.1],,25 years old and over,,,Modeled,,"Source = ILO modelled estimates, November 2021, available in ILOSTAT (https://ilostat.ilo.org/). For the specific sources by country and the estimation methodology refer to ILOSTAT directly.",16.0
2004,,M,,"Source = ILO modelled estimates, November 2021, available in ILOSTAT (https://ilostat.ilo.org/). For the specific sources by country and the estimation methodology refer to ILOSTAT directly.",Employed population below international poverty line [1.1.1],,25 years old and over,,,Modeled,,"Source = ILO modelled estimates, November 2021, available in ILOSTAT (https://ilostat.ilo.org/). For the specific sources by country and the estimation methodology refer to ILOSTAT directly.",18.3
2005,,M,,"Source = ILO modelled estimates, November 2021, available in ILOSTAT (https://ilostat.ilo.org/). For the specific sources by country and the estimation methodology refer to ILOSTAT directly.",Employed population below international poverty line [1.1.1],,25 years old and over,,,Modeled,,"Source = ILO modelled estimates, November 2021, available in ILOSTAT (https://ilostat.ilo.org/). For the specific sources by country and the estimation methodology refer to ILOSTAT directly.",20.6
2006,,M,,"Source = ILO modelled estimates, November 2021, available in ILOSTAT (https://ilostat.ilo.org/). For the specific sources by country and the estimation methodology refer to ILOSTAT directly.",Employed population below international poverty line [1.1.1],,25 years old and over,,,Modeled,,"Source = ILO modelled estimates, November 2021, available in ILOSTAT (https://ilostat.ilo.org/). For the specific sources by country and the estimation methodology refer to ILOSTAT directly.",22.3
2007,,M,,"Source = ILO modelled estimates, November 2021, available in ILOSTAT (https://ilostat.ilo.org/). For the specific sources by country and the estimation methodology refer to ILOSTAT directly.",Employed population below international poverty line [1.1.1],,25 years old and over,,,Modeled,,"Source = ILO modelled estimates, November 2021, available in ILOSTAT (https://ilostat.ilo.org/). For the specific sources by country and the estimation methodology refer to ILOSTAT directly.",24.3
2008,,M,,"Source = ILO modelled estimates, November 2021, available in ILOSTAT (https://ilostat.ilo.org/). For the specific sources by country and the estimation methodology refer to ILOSTAT directly.",Employed population below international poverty line [1.1.1],,25 years old and over,,,Modeled,,"Source = ILO modelled estimates, November 2021, available in ILOSTAT (https://ilostat.ilo.org/). For the specific sources by country and the estimation methodology refer to ILOSTAT directly.",34.2
2009,,M,,"Source = ILO modelled estimates, November 2021, available in ILOSTAT (https://ilostat.ilo.org/). For the specific sources by country and the estimation methodology refer to ILOSTAT directly.",Employed population below international poverty line [1.1.1],,25 years old and over,,,Modeled,,"Source = ILO modelled estimates, November 2021, available in ILOSTAT (https://ilostat.ilo.org/). For the specific sources by country and the estimation methodology refer to ILOSTAT directly.",29.2
2010,,M,,"Source = ILO modelled estimates, November 2021, available in ILOSTAT (https://ilostat.ilo.org/). For the specific sources by country and the estimation methodology refer to ILOSTAT directly.",Employed population below international poverty line [1.1.1],,25 years old and over,,,Modeled,,"Source = ILO modelled estimates, November 2021, available in ILOSTAT (https://ilostat.ilo.org/). For the specific sources by country and the estimation methodology refer to ILOSTAT directly.",22.0
2011,,M,,"Source = ILO modelled estimates, November 2021, available in ILOSTAT (https://ilostat.ilo.org/). For the specific sources by country and the estimation methodology refer to ILOSTAT directly.",Employed population below international poverty line [1.1.1],,25 years old and over,,,Modeled,,"Source = ILO modelled estimates, November 2021, available in ILOSTAT (https://ilostat.ilo.org/). For the specific sources by country and the estimation methodology refer to ILOSTAT directly.",17.4
2012,,M,,"Source = ILO modelled estimates, November 2021, available in ILOSTAT (https://ilostat.ilo.org/). For the specific sources by country and the estimation methodology refer to ILOSTAT directly.",Employed population below international poverty line [1.1.1],,25 years old and over,,,Modeled,,"Source = ILO modelled estimates, November 2021, available in ILOSTAT (https://ilostat.ilo.org/). For the specific sources by country and the estimation methodology refer to ILOSTAT directly.",15.7
2013,,M,,"Source = ILO modelled estimates, November 2021, available in ILOSTAT (https://ilostat.ilo.org/). For the specific sources by country and the estimation methodology refer to ILOSTAT directly.",Employed population below international poverty line [1.1.1],,25 years old and over,,,Modeled,,"Source = ILO modelled estimates, November 2021, available in ILOSTAT (https://ilostat.ilo.org/). For the specific sources by country and the estimation methodology refer to ILOSTAT directly.",18.5
2014,,M,,"Source = ILO modelled estimates, November 2021, available in ILOSTAT (https://ilostat.ilo.org/). For the specific sources by country and the estimation methodology refer to ILOSTAT directly.",Employed population below international poverty line [1.1.1],,25 years old and over,,,Modeled,,"Source = ILO modelled estimates, November 2021, available in ILOSTAT (https://ilostat.ilo.org/). For the specific sources by country and the estimation methodology refer to ILOSTAT directly.",21.1
2015,,M,,"Source = ILO modelled estimates, November 2021, available in ILOSTAT (https://ilostat.ilo.org/). For the specific sources by country and the estimation methodology refer to ILOSTAT directly.",Employed population below international poverty line [1.1.1],,25 years old and over,,,Modeled,,"Source = ILO modelled estimates, November 2021, available in ILOSTAT (https://ilostat.ilo.org/). For the specific sources by country and the estimation methodology refer to ILOSTAT directly.",23.9
2016,,M,,"Source = ILO modelled estimates, November 2021, available in ILOSTAT (https://ilostat.ilo.org/). For the specific sources by country and the estimation methodology refer to ILOSTAT directly.",Employed population below international poverty line [1.1.1],,25 years old and over,,,Modeled,,"Source = ILO modelled estimates, November 2021, available in ILOSTAT (https://ilostat.ilo.org/). For the specific sources by country and the estimation methodology refer to ILOSTAT directly.",27.3
2017,,M,,"Source = ILO modelled estimates, November 2021, available in ILOSTAT (https://ilostat.ilo.org/). For the specific sources by country and the estimation methodology refer to ILOSTAT directly.",Employed population below international poverty line [1.1.1],,25 years old and over,,,Modeled,,"Source = ILO modelled estimates, November 2021, available in ILOSTAT (https://ilostat.ilo.org/). For the specific sources by country and the estimation methodology refer to ILOSTAT directly.",28.7
2018,,M,,"Source = ILO modelled estimates, November 2021, available in ILOSTAT (https://ilostat.ilo.org/). For the specific sources by country and the estimation methodology refer to ILOSTAT directly.",Employed population below international poverty line [1.1.1],,25 years old and over,,,Modeled,,"Source = ILO modelled estimates, November 2021, available in ILOSTAT (https://ilostat.ilo.org/). For the specific sources by country and the estimation methodology refer to ILOSTAT directly.",28.1
2019,,M,,"Source = ILO modelled estimates, November 2021, available in ILOSTAT (https://ilostat.ilo.org/). For the specific sources by country and the estimation methodology refer to ILOSTAT directly.",Employed population below international poverty line [1.1.1],,25 years old and over,,,Modeled,,"Source = ILO modelled estimates, November 2021, available in ILOSTAT (https://ilostat.ilo.org/). For the specific sources by country and the estimation methodology refer to ILOSTAT directly.",34.0
2000,,M,,"Source = ILO modelled estimates, November 2021, available in ILOSTAT (https://ilostat.ilo.org/). For the specific sources by country and the estimation methodology refer to ILOSTAT directly.",Employed population below international poverty line [1.1.1],,15 to 24 years old,,,Modeled,,"Source = ILO modelled estimates, November 2021, available in ILOSTAT (https://ilostat.ilo.org/). For the specific sources by country and the estimation methodology refer to ILOSTAT directly.",10.4
2001,,M,,"Source = ILO modelled estimates, November 2021, available in ILOSTAT (https://ilostat.ilo.org/). For the specific sources by country and the estimation methodology refer to ILOSTAT directly.",Employed population below international poverty line [1.1.1],,15 to 24 years old,,,Modeled,,"Source = ILO modelled estimates, November 2021, available in ILOSTAT (https://ilostat.ilo.org/). For the specific sources by country and the estimation methodology refer to ILOSTAT directly.",10.1
2002,,M,,"Source = ILO modelled estimates, November 2021, available in ILOSTAT (https://ilostat.ilo.org/). For the specific sources by country and the estimation methodology refer to ILOSTAT directly.",Employed population below international poverty line [1.1.1],,15 to 24 years old,,,Modeled,,"Source = ILO modelled estimates, November 2021, available in ILOSTAT (https://ilostat.ilo.org/). For the specific sources by country and the estimation methodology refer to ILOSTAT directly.",13.3
2003,,M,,"Source = ILO modelled estimates, November 2021, available in ILOSTAT (https://ilostat.ilo.org/). For the specific sources by country and the estimation methodology refer to ILOSTAT directly.",Employed population below international poverty line [1.1.1],,15 to 24 years old,,,Modeled,,"Source = ILO modelled estimates, November 2021, available in ILOSTAT (https://ilostat.ilo.org/). For the specific sources by country and the estimation methodology refer to ILOSTAT directly.",20.1
2004,,M,,"Source = ILO modelled estimates, November 2021, available in ILOSTAT (https://ilostat.ilo.org/). For the specific sources by country and the estimation methodology refer to ILOSTAT directly.",Employed population below international poverty line [1.1.1],,15 to 24 years old,,,Modeled,,"Source = ILO modelled estimates, November 2021, available in ILOSTAT (https://ilostat.ilo.org/). For the specific sources by country and the estimation methodology refer to ILOSTAT directly.",22.6
2005,,M,,"Source = ILO modelled estimates, November 2021, available in ILOSTAT (https://ilostat.ilo.org/). For the specific sources by country and the estimation methodology refer to ILOSTAT directly.",Employed population below international poverty line [1.1.1],,15 to 24 years old,,,Modeled,,"Source = ILO modelled estimates, November 2021, available in ILOSTAT (https://ilostat.ilo.org/). For the specific sources by country and the estimation methodology refer to ILOSTAT directly.",25.2
2006,,M,,"Source = ILO modelled estimates, November 2021, available in ILOSTAT (https://ilostat.ilo.org/). For the specific sources by country and the estimation methodology refer to ILOSTAT directly.",Employed population below international poverty line [1.1.1],,15 to 24 years old,,,Modeled,,"Source = ILO modelled estimates, November 2021, available in ILOSTAT (https://ilostat.ilo.org/). For the specific sources by country and the estimation methodology refer to ILOSTAT directly.",27.0
2007,,M,,"Source = ILO modelled estimates, November 2021, available in ILOSTAT (https://ilostat.ilo.org/). For the specific sources by country and the estimation methodology refer to ILOSTAT directly.",Employed population below international poverty line [1.1.1],,15 to 24 years old,,,Modeled,,"Source = ILO modelled estimates, November 2021, available in ILOSTAT (https://ilostat.ilo.org/). For the specific sources by country and the estimation methodology refer to ILOSTAT directly.",29.2
2008,,M,,"Source = ILO modelled estimates, November 2021, available in ILOSTAT (https://ilostat.ilo.org/). For the specific sources by country and the estimation methodology refer to ILOSTAT directly.",Employed population below international poverty line [1.1.1],,15 to 24 years old,,,Modeled,,"Source = ILO modelled estimates, November 2021, available in ILOSTAT (https://ilostat.ilo.org/). For the specific sources by country and the estimation methodology refer to ILOSTAT directly.",39.1
2009,,M,,"Source = ILO modelled estimates, November 2021, available in ILOSTAT (https://ilostat.ilo.org/). For the specific sources by country and the estimation methodology refer to ILOSTAT directly.",Employed population below international poverty line [1.1.1],,15 to 24 years old,,,Modeled,,"Source = ILO modelled estimates, November 2021, available in ILOSTAT (https://ilostat.ilo.org/). For the specific sources by country and the estimation methodology refer to ILOSTAT directly.",34.3
2010,,M,,"Source = ILO modelled estimates, November 2021, available in ILOSTAT (https://ilostat.ilo.org/). For the specific sources by country and the estimation methodology refer to ILOSTAT directly.",Employed population below international poverty line [1.1.1],,15 to 24 years old,,,Modeled,,"Source = ILO modelled estimates, November 2021, available in ILOSTAT (https://ilostat.ilo.org/). For the specific sources by country and the estimation methodology refer to ILOSTAT directly.",26.7
2011,,M,,"Source = ILO modelled estimates, November 2021, available in ILOSTAT (https://ilostat.ilo.org/). For the specific sources by country and the estimation methodology refer to ILOSTAT directly.",Employed population below international poverty line [1.1.1],,15 to 24 years old,,,Modeled,,"Source = ILO modelled estimates, November 2021, available in ILOSTAT (https://ilostat.ilo.org/). For the specific sources by country and the estimation methodology refer to ILOSTAT directly.",21.7
2012,,M,,"Source = ILO modelled estimates, November 2021, available in ILOSTAT (https://ilostat.ilo.org/). For the specific sources by country and the estimation methodology refer to ILOSTAT directly.",Employed population below international poverty line [1.1.1],,15 to 24 years old,,,Modeled,,"Source = ILO modelled estimates, November 2021, available in ILOSTAT (https://ilostat.ilo.org/). For the specific sources by country and the estimation methodology refer to ILOSTAT directly.",19.8
2013,,M,,"Source = ILO modelled estimates, November 2021, available in ILOSTAT (https://ilostat.ilo.org/). For the specific sources by country and the estimation methodology refer to ILOSTAT directly.",Employed population below international poverty line [1.1.1],,15 to 24 years old,,,Modeled,,"Source = ILO modelled estimates, November 2021, available in ILOSTAT (https://ilostat.ilo.org/). For the specific sources by country and the estimation methodology refer to ILOSTAT directly.",22.8
2014,,M,,"Source = ILO modelled estimates, November 2021, available in ILOSTAT (https://ilostat.ilo.org/). For the specific sources by country and the estimation methodology refer to ILOSTAT directly.",Employed population below international poverty line [1.1.1],,15 to 24 years old,,,Modeled,,"Source = ILO modelled estimates, November 2021, available in ILOSTAT (https://ilostat.ilo.org/). For the specific sources by country and the estimation methodology refer to ILOSTAT directly.",25.6
2015,,M,,"Source = ILO modelled estimates, November 2021, available in ILOSTAT (https://ilostat.ilo.org/). For the specific sources by country and the estimation methodology refer to ILOSTAT directly.",Employed population below international poverty line [1.1.1],,15 to 24 years old,,,Modeled,,"Source = ILO modelled estimates, November 2021, available in ILOSTAT (https://ilostat.ilo.org/). For the specific sources by country and the estimation methodology refer to ILOSTAT directly.",28.7
2016,,M,,"Source = ILO modelled estimates, November 2021, available in ILOSTAT (https://ilostat.ilo.org/). For the specific sources by country and the estimation methodology refer to ILOSTAT directly.",Employed population below international poverty line [1.1.1],,15 to 24 years old,,,Modeled,,"Source = ILO modelled estimates, November 2021, available in ILOSTAT (https://ilostat.ilo.org/). For the specific sources by country and the estimation methodology refer to ILOSTAT directly.",32.2
2017,,M,,"Source = ILO modelled estimates, November 2021, available in ILOSTAT (https://ilostat.ilo.org/). For the specific sources by country and the estimation methodology refer to ILOSTAT directly.",Employed population below international poverty line [1.1.1],,15 to 24 years old,,,Modeled,,"Source = ILO modelled estimates, November 2021, available in ILOSTAT (https://ilostat.ilo.org/). For the specific sources by country and the estimation methodology refer to ILOSTAT directly.",33.6
2018,,M,,"Source = ILO modelled estimates, November 2021, available in ILOSTAT (https://ilostat.ilo.org/). For the specific sources by country and the estimation methodology refer to ILOSTAT directly.",Employed population below international poverty line [1.1.1],,15 to 24 years old,,,Modeled,,"Source = ILO modelled estimates, November 2021, available in ILOSTAT (https://ilostat.ilo.org/). For the specific sources by country and the estimation methodology refer to ILOSTAT directly.",33.1
2019,,M,,"Source = ILO modelled estimates, November 2021, available in ILOSTAT (https://ilostat.ilo.org/). For the specific sources by country and the estimation methodology refer to ILOSTAT directly.",Employed population below international poverty line [1.1.1],,15 to 24 years old,,,Modeled,,"Source = ILO modelled estimates, November 2021, available in ILOSTAT (https://ilostat.ilo.org/). For the specific sources by country and the estimation methodology refer to ILOSTAT directly.",39.3
2000,,M,,"Source = ILO modelled estimates, November 2021, available in ILOSTAT (https://ilostat.ilo.org/). For the specific sources by country and the estimation methodology refer to ILOSTAT directly.",Employed population below international poverty line [1.1.1],Female,15 years old and over,,,Modeled,,"Source = ILO modelled estimates, November 2021, available in ILOSTAT (https://ilostat.ilo.org/). For the specific sources by country and the estimation methodology refer to ILOSTAT directly.",8.9
2001,,M,,"Source = ILO modelled estimates, November 2021, available in ILOSTAT (https://ilostat.ilo.org/). For the specific sources by country and the estimation methodology refer to ILOSTAT directly.",Employed population below international poverty line [1.1.1],Female,15 years old and over,,,Modeled,,"Source = ILO modelled estimates, November 2021, available in ILOSTAT (https://ilostat.ilo.org/). For the specific sources by country and the estimation methodology refer to ILOSTAT directly.",8.7
2002,,M,,"Source = ILO modelled estimates, November 2021, available in ILOSTAT (https://ilostat.ilo.org/). For the specific sources by country and the estimation methodology refer to ILOSTAT directly.",Employed population below international poverty line [1.1.1],Female,15 years old and over,,,Modeled,,"Source = ILO modelled estimates, November 2021, available in ILOSTAT (https://ilostat.ilo.org/). For the specific sources by country and the estimation methodology refer to ILOSTAT directly.",11.5
2003,,M,,"Source = ILO modelled estimates, November 2021, available in ILOSTAT (https://ilostat.ilo.org/). For the specific sources by country and the estimation methodology refer to ILOSTAT directly.",Employed population below international poverty line [1.1.1],Female,15 years old and over,,,Modeled,,"Source = ILO modelled estimates, November 2021, available in ILOSTAT (https://ilostat.ilo.org/). For the specific sources by country and the estimation methodology refer to ILOSTAT directly.",17.8
2004,,M,,"Source = ILO modelled estimates, November 2021, available in ILOSTAT (https://ilostat.ilo.org/). For the specific sources by country and the estimation methodology refer to ILOSTAT directly.",Employed population below international poverty line [1.1.1],Female,15 years old and over,,,Modeled,,"Source = ILO modelled estimates, November 2021, available in ILOSTAT (https://ilostat.ilo.org/). For the specific sources by country and the estimation methodology refer to ILOSTAT directly.",20.3
2005,,M,,"Source = ILO modelled estimates, November 2021, available in ILOSTAT (https://ilostat.ilo.org/). For the specific sources by country and the estimation methodology refer to ILOSTAT directly.",Employed population below international poverty line [1.1.1],Female,15 years old and over,,,Modeled,,"Source = ILO modelled estimates, November 2021, available in ILOSTAT (https://ilostat.ilo.org/). For the specific sources by country and the estimation methodology refer to ILOSTAT directly.",22.8
2006,,M,,"Source = ILO modelled estimates, November 2021, available in ILOSTAT (https://ilostat.ilo.org/). For the specific sources by country and the estimation methodology refer to ILOSTAT directly.",Employed population below international poverty line [1.1.1],Female,15 years old and over,,,Modeled,,"Source = ILO modelled estimates, November 2021, available in ILOSTAT (https://ilostat.ilo.org/). For the specific sources by country and the estimation methodology refer to ILOSTAT directly.",24.5
2007,,M,,"Source = ILO modelled estimates, November 2021, available in ILOSTAT (https://ilostat.ilo.org/). For the specific sources by country and the estimation methodology refer to ILOSTAT directly.",Employed population below international poverty line [1.1.1],Female,15 years old and over,,,Modeled,,"Source = ILO modelled estimates, November 2021, available in ILOSTAT (https://ilostat.ilo.org/). For the specific sources by country and the estimation methodology refer to ILOSTAT directly.",26.6
2008,,M,,"Source = ILO modelled estimates, November 2021, available in ILOSTAT (https://ilostat.ilo.org/). For the specific sources by country and the estimation methodology refer to ILOSTAT directly.",Employed population below international poverty line [1.1.1],Female,15 years old and over,,,Modeled,,"Source = ILO modelled estimates, November 2021, available in ILOSTAT (https://ilostat.ilo.org/). For the specific sources by country and the estimation methodology refer to ILOSTAT directly.",36.8
2009,,M,,"Source = ILO modelled estimates, November 2021, available in ILOSTAT (https://ilostat.ilo.org/). For the specific sources by country and the estimation methodology refer to ILOSTAT directly.",Employed population below international poverty line [1.1.1],Female,15 years old and over,,,Modeled,,"Source = ILO modelled estimates, November 2021, available in ILOSTAT (https://ilostat.ilo.org/). For the specific sources by country and the estimation methodology refer to ILOSTAT directly.",31.7
2010,,M,,"Source = ILO modelled estimates, November 2021, available in ILOSTAT (https://ilostat.ilo.org/). For the specific sources by country and the estimation methodology refer to ILOSTAT directly.",Employed population below international poverty line [1.1.1],Female,15 years old and over,,,Modeled,,"Source = ILO modelled estimates, November 2021, available in ILOSTAT (https://ilostat.ilo.org/). For the specific sources by country and the estimation methodology refer to ILOSTAT directly.",24.1
2011,,M,,"Source = ILO modelled estimates, November 2021, available in ILOSTAT (https://ilostat.ilo.org/). For the specific sources by country and the estimation methodology refer to ILOSTAT directly.",Employed population below international poverty line [1.1.1],Female,15 years old and over,,,Modeled,,"Source = ILO modelled estimates, November 2021, available in ILOSTAT (https://ilostat.ilo.org/). For the specific sources by country and the estimation methodology refer to ILOSTAT directly.",19.3
2012,,M,,"Source = ILO modelled estimates, November 2021, available in ILOSTAT (https://ilostat.ilo.org/). For the specific sources by country and the estimation methodology refer to ILOSTAT directly.",Employed population below international poverty line [1.1.1],Female,15 years old and over,,,Modeled,,"Source = ILO modelled estimates, November 2021, available in ILOSTAT (https://ilostat.ilo.org/). For the specific sources by country and the estimation methodology refer to ILOSTAT directly.",17.5
2013,,M,,"Source = ILO modelled estimates, November 2021, available in ILOSTAT (https://ilostat.ilo.org/). For the specific sources by country and the estimation methodology refer to ILOSTAT directly.",Employed population below international poverty line [1.1.1],Female,15 years old and over,,,Modeled,,"Source = ILO modelled estimates, November 2021, available in ILOSTAT (https://ilostat.ilo.org/). For the specific sources by country and the estimation methodology refer to ILOSTAT directly.",20.4
2014,,M,,"Source = ILO modelled estimates, November 2021, available in ILOSTAT (https://ilostat.ilo.org/). For the specific sources by country and the estimation methodology refer to ILOSTAT directly.",Employed population below international poverty line [1.1.1],Female,15 years old and over,,,Modeled,,"Source = ILO modelled estimates, November 2021, available in ILOSTAT (https://ilostat.ilo.org/). For the specific sources by country and the estimation methodology refer to ILOSTAT directly.",23.1
2015,,M,,"Source = ILO modelled estimates, November 2021, available in ILOSTAT (https://ilostat.ilo.org/). For the specific sources by country and the estimation methodology refer to ILOSTAT directly.",Employed population below international poverty line [1.1.1],Female,15 years old and over,,,Modeled,,"Source = ILO modelled estimates, November 2021, available in ILOSTAT (https://ilostat.ilo.org/). For the specific sources by country and the estimation methodology refer to ILOSTAT directly.",26.1
2016,,M,,"Source = ILO modelled estimates, November 2021, available in ILOSTAT (https://ilostat.ilo.org/). For the specific sources by country and the estimation methodology refer to ILOSTAT directly.",Employed population below international poverty line [1.1.1],Female,15 years old and over,,,Modeled,,"Source = ILO modelled estimates, November 2021, available in ILOSTAT (https://ilostat.ilo.org/). For the specific sources by country and the estimation methodology refer to ILOSTAT directly.",29.6
2017,,M,,"Source = ILO modelled estimates, November 2021, available in ILOSTAT (https://ilostat.ilo.org/). For the specific sources by country and the estimation methodology refer to ILOSTAT directly.",Employed population below international poverty line [1.1.1],Female,15 years old and over,,,Modeled,,"Source = ILO modelled estimates, November 2021, available in ILOSTAT (https://ilostat.ilo.org/). For the specific sources by country and the estimation methodology refer to ILOSTAT directly.",31.0
2018,,M,,"Source = ILO modelled estimates, November 2021, available in ILOSTAT (https://ilostat.ilo.org/). For the specific sources by country and the estimation methodology refer to ILOSTAT directly.",Employed population below international poverty line [1.1.1],Female,15 years old and over,,,Modeled,,"Source = ILO modelled estimates, November 2021, available in ILOSTAT (https://ilostat.ilo.org/). For the specific sources by country and the estimation methodology refer to ILOSTAT directly.",30.5
2019,,M,,"Source = ILO modelled estimates, November 2021, available in ILOSTAT (https://ilostat.ilo.org/). For the specific sources by country and the estimation methodology refer to ILOSTAT directly.",Employed population below international poverty line [1.1.1],Female,15 years old and over,,,Modeled,,"Source = ILO modelled estimates, November 2021, available in ILOSTAT (https://ilostat.ilo.org/). For the specific sources by country and the estimation methodology refer to ILOSTAT directly.",36.7
2000,,M,,"Source = ILO modelled estimates, November 2021, available in ILOSTAT (https://ilostat.ilo.org/). For the specific sources by country and the estimation methodology refer to ILOSTAT directly.",Employed population below international poverty line [1.1.1],Female,25 years old and over,,,Modeled,,"Source = ILO modelled estimates, November 2021, available in ILOSTAT (https://ilostat.ilo.org/). For the specific sources by country and the estimation methodology refer to ILOSTAT directly.",8.3
2001,,M,,"Source = ILO modelled estimates, November 2021, available in ILOSTAT (https://ilostat.ilo.org/). For the specific sources by country and the estimation methodology refer to ILOSTAT directly.",Employed population below international poverty line [1.1.1],Female,25 years old and over,,,Modeled,,"Source = ILO modelled estimates, November 2021, available in ILOSTAT (https://ilostat.ilo.org/). For the specific sources by country and the estimation methodology refer to ILOSTAT directly.",8.1
2002,,M,,"Source = ILO modelled estimates, November 2021, available in ILOSTAT (https://ilostat.ilo.org/). For the specific sources by country and the estimation methodology refer to ILOSTAT directly.",Employed population below international poverty line [1.1.1],Female,25 years old and over,,,Modeled,,"Source = ILO modelled estimates, November 2021, available in ILOSTAT (https://ilostat.ilo.org/). For the specific sources by country and the estimation methodology refer to ILOSTAT directly.",10.8
2003,,M,,"Source = ILO modelled estimates, November 2021, available in ILOSTAT (https://ilostat.ilo.org/). For the specific sources by country and the estimation methodology refer to ILOSTAT directly.",Employed population below international poverty line [1.1.1],Female,25 years old and over,,,Modeled,,"Source = ILO modelled estimates, November 2021, available in ILOSTAT (https://ilostat.ilo.org/). For the specific sources by country and the estimation methodology refer to ILOSTAT directly.",16.8
2004,,M,,"Source = ILO modelled estimates, November 2021, available in ILOSTAT (https://ilostat.ilo.org/). For the specific sources by country and the estimation methodology refer to ILOSTAT directly.",Employed population below international poverty line [1.1.1],Female,25 years old and over,,,Modeled,,"Source = ILO modelled estimates, November 2021, available in ILOSTAT (https://ilostat.ilo.org/). For the specific sources by country and the estimation methodology refer to ILOSTAT directly.",19.2
2005,,M,,"Source = ILO modelled estimates, November 2021, available in ILOSTAT (https://ilostat.ilo.org/). For the specific sources by country and the estimation methodology refer to ILOSTAT directly.",Employed population below international poverty line [1.1.1],Female,25 years old and over,,,Modeled,,"Source = ILO modelled estimates, November 2021, available in ILOSTAT (https://ilostat.ilo.org/). For the specific sources by country and the estimation methodology refer to ILOSTAT directly.",21.7
2006,,M,,"Source = ILO modelled estimates, November 2021, available in ILOSTAT (https://ilostat.ilo.org/). For the specific sources by country and the estimation methodology refer to ILOSTAT directly.",Employed population below international poverty line [1.1.1],Female,25 years old and over,,,Modeled,,"Source = ILO modelled estimates, November 2021, available in ILOSTAT (https://ilostat.ilo.org/). For the specific sources by country and the estimation methodology refer to ILOSTAT directly.",23.4
2007,,M,,"Source = ILO modelled estimates, November 2021, available in ILOSTAT (https://ilostat.ilo.org/). For the specific sources by country and the estimation methodology refer to ILOSTAT directly.",Employed population below international poverty line [1.1.1],Female,25 years old and over,,,Modeled,,"Source = ILO modelled estimates, November 2021, available in ILOSTAT (https://ilostat.ilo.org/). For the specific sources by country and the estimation methodology refer to ILOSTAT directly.",25.6
2008,,M,,"Source = ILO modelled estimates, November 2021, available in ILOSTAT (https://ilostat.ilo.org/). For the specific sources by country and the estimation methodology refer to ILOSTAT directly.",Employed population below international poverty line [1.1.1],Female,25 years old and over,,,Modeled,,"Source = ILO modelled estimates, November 2021, available in ILOSTAT (https://ilostat.ilo.org/). For the specific sources by country and the estimation methodology refer to ILOSTAT directly.",35.8
2009,,M,,"Source = ILO modelled estimates, November 2021, available in ILOSTAT (https://ilostat.ilo.org/). For the specific sources by country and the estimation methodology refer to ILOSTAT directly.",Employed population below international poverty line [1.1.1],Female,25 years old and over,,,Modeled,,"Source = ILO modelled estimates, November 2021, available in ILOSTAT (https://ilostat.ilo.org/). For the specific sources by country and the estimation methodology refer to ILOSTAT directly.",30.7
2010,,M,,"Source = ILO modelled estimates, November 2021, available in ILOSTAT (https://ilostat.ilo.org/). For the specific sources by country and the estimation methodology refer to ILOSTAT directly.",Employed population below international poverty line [1.1.1],Female,25 years old and over,,,Modeled,,"Source = ILO modelled estimates, November 2021, available in ILOSTAT (https://ilostat.ilo.org/). For the specific sources by country and the estimation methodology refer to ILOSTAT directly.",23.1
2011,,M,,"Source = ILO modelled estimates, November 2021, available in ILOSTAT (https://ilostat.ilo.org/). For the specific sources by country and the estimation methodology refer to ILOSTAT directly.",Employed population below international poverty line [1.1.1],Female,25 years old and over,,,Modeled,,"Source = ILO modelled estimates, November 2021, available in ILOSTAT (https://ilostat.ilo.org/). For the specific sources by country and the estimation methodology refer to ILOSTAT directly.",18.4
2012,,M,,"Source = ILO modelled estimates, November 2021, available in ILOSTAT (https://ilostat.ilo.org/). For the specific sources by country and the estimation methodology refer to ILOSTAT directly.",Employed population below international poverty line [1.1.1],Female,25 years old and over,,,Modeled,,"Source = ILO modelled estimates, November 2021, available in ILOSTAT (https://ilostat.ilo.org/). For the specific sources by country and the estimation methodology refer to ILOSTAT directly.",16.6
2013,,M,,"Source = ILO modelled estimates, November 2021, available in ILOSTAT (https://ilostat.ilo.org/). For the specific sources by country and the estimation methodology refer to ILOSTAT directly.",Employed population below international poverty line [1.1.1],Female,25 years old and over,,,Modeled,,"Source = ILO modelled estimates, November 2021, available in ILOSTAT (https://ilostat.ilo.org/). For the specific sources by country and the estimation methodology refer to ILOSTAT directly.",19.5
2014,,M,,"Source = ILO modelled estimates, November 2021, available in ILOSTAT (https://ilostat.ilo.org/). For the specific sources by country and the estimation methodology refer to ILOSTAT directly.",Employed population below international poverty line [1.1.1],Female,25 years old and over,,,Modeled,,"Source = ILO modelled estimates, November 2021, available in ILOSTAT (https://ilostat.ilo.org/). For the specific sources by country and the estimation methodology refer to ILOSTAT directly.",22.2
2015,,M,,"Source = ILO modelled estimates, November 2021, available in ILOSTAT (https://ilostat.ilo.org/). For the specific sources by country and the estimation methodology refer to ILOSTAT directly.",Employed population below international poverty line [1.1.1],Female,25 years old and over,,,Modeled,,"Source = ILO modelled estimates, November 2021, available in ILOSTAT (https://ilostat.ilo.org/). For the specific sources by country and the estimation methodology refer to ILOSTAT directly.",25.2
2016,,M,,"Source = ILO modelled estimates, November 2021, available in ILOSTAT (https://ilostat.ilo.org/). For the specific sources by country and the estimation methodology refer to ILOSTAT directly.",Employed population below international poverty line [1.1.1],Female,25 years old and over,,,Modeled,,"Source = ILO modelled estimates, November 2021, available in ILOSTAT (https://ilostat.ilo.org/). For the specific sources by country and the estimation methodology refer to ILOSTAT directly.",28.7
2017,,M,,"Source = ILO modelled estimates, November 2021, available in ILOSTAT (https://ilostat.ilo.org/). For the specific sources by country and the estimation methodology refer to ILOSTAT directly.",Employed population below international poverty line [1.1.1],Female,25 years old and over,,,Modeled,,"Source = ILO modelled estimates, November 2021, available in ILOSTAT (https://ilostat.ilo.org/). For the specific sources by country and the estimation methodology refer to ILOSTAT directly.",30.1
2018,,M,,"Source = ILO modelled estimates, November 2021, available in ILOSTAT (https://ilostat.ilo.org/). For the specific sources by country and the estimation methodology refer to ILOSTAT directly.",Employed population below international poverty line [1.1.1],Female,25 years old and over,,,Modeled,,"Source = ILO modelled estimates, November 2021, available in ILOSTAT (https://ilostat.ilo.org/). For the specific sources by country and the estimation methodology refer to ILOSTAT directly.",29.5
2019,,M,,"Source = ILO modelled estimates, November 2021, available in ILOSTAT (https://ilostat.ilo.org/). For the specific sources by country and the estimation methodology refer to ILOSTAT directly.",Employed population below international poverty line [1.1.1],Female,25 years old and over,,,Modeled,,"Source = ILO modelled estimates, November 2021, available in ILOSTAT (https://ilostat.ilo.org/). For the specific sources by country and the estimation methodology refer to ILOSTAT directly.",35.8
2000,,M,,"Source = ILO modelled estimates, November 2021, available in ILOSTAT (https://ilostat.ilo.org/). For the specific sources by country and the estimation methodology refer to ILOSTAT directly.",Employed population below international poverty line [1.1.1],Female,15 to 24 years old,,,Modeled,,"Source = ILO modelled estimates, November 2021, available in ILOSTAT (https://ilostat.ilo.org/). For the specific sources by country and the estimation methodology refer to ILOSTAT directly.",10.1
2001,,M,,"Source = ILO modelled estimates, November 2021, available in ILOSTAT (https://ilostat.ilo.org/). For the specific sources by country and the estimation methodology refer to ILOSTAT directly.",Employed population below international poverty line [1.1.1],Female,15 to 24 years old,,,Modeled,,"Source = ILO modelled estimates, November 2021, available in ILOSTAT (https://ilostat.ilo.org/). For the specific sources by country and the estimation methodology refer to ILOSTAT directly.",9.8
2002,,M,,"Source = ILO modelled estimates, November 2021, available in ILOSTAT (https://ilostat.ilo.org/). For the specific sources by country and the estimation methodology refer to ILOSTAT directly.",Employed population below international poverty line [1.1.1],Female,15 to 24 years old,,,Modeled,,"Source = ILO modelled estimates, November 2021, available in ILOSTAT (https://ilostat.ilo.org/). For the specific sources by country and the estimation methodology refer to ILOSTAT directly.",13.0
2003,,M,,"Source = ILO modelled estimates, November 2021, available in ILOSTAT (https://ilostat.ilo.org/). For the specific sources by country and the estimation methodology refer to ILOSTAT directly.",Employed population below international poverty line [1.1.1],Female,15 to 24 years old,,,Modeled,,"Source = ILO modelled estimates, November 2021, available in ILOSTAT (https://ilostat.ilo.org/). For the specific sources by country and the estimation methodology refer to ILOSTAT directly.",19.8
2004,,M,,"Source = ILO modelled estimates, November 2021, available in ILOSTAT (https://ilostat.ilo.org/). For the specific sources by country and the estimation methodology refer to ILOSTAT directly.",Employed population below international poverty line [1.1.1],Female,15 to 24 years old,,,Modeled,,"Source = ILO modelled estimates, November 2021, available in ILOSTAT (https://ilostat.ilo.org/). For the specific sources by country and the estimation methodology refer to ILOSTAT directly.",22.3
2005,,M,,"Source = ILO modelled estimates, November 2021, available in ILOSTAT (https://ilostat.ilo.org/). For the specific sources by country and the estimation methodology refer to ILOSTAT directly.",Employed population below international poverty line [1.1.1],Female,15 to 24 years old,,,Modeled,,"Source = ILO modelled estimates, November 2021, available in ILOSTAT (https://ilostat.ilo.org/). For the specific sources by country and the estimation methodology refer to ILOSTAT directly.",24.9
2006,,M,,"Source = ILO modelled estimates, November 2021, available in ILOSTAT (https://ilostat.ilo.org/). For the specific sources by country and the estimation methodology refer to ILOSTAT directly.",Employed population below international poverty line [1.1.1],Female,15 to 24 years old,,,Modeled,,"Source = ILO modelled estimates, November 2021, available in ILOSTAT (https://ilostat.ilo.org/). For the specific sources by country and the estimation methodology refer to ILOSTAT directly.",26.7
2007,,M,,"Source = ILO modelled estimates, November 2021, available in ILOSTAT (https://ilostat.ilo.org/). For the specific sources by country and the estimation methodology refer to ILOSTAT directly.",Employed population below international poverty line [1.1.1],Female,15 to 24 years old,,,Modeled,,"Source = ILO modelled estimates, November 2021, available in ILOSTAT (https://ilostat.ilo.org/). For the specific sources by country and the estimation methodology refer to ILOSTAT directly.",28.8
2008,,M,,"Source = ILO modelled estimates, November 2021, available in ILOSTAT (https://ilostat.ilo.org/). For the specific sources by country and the estimation methodology refer to ILOSTAT directly.",Employed population below international poverty line [1.1.1],Female,15 to 24 years old,,,Modeled,,"Source = ILO modelled estimates, November 2021, available in ILOSTAT (https://ilostat.ilo.org/). For the specific sources by country and the estimation methodology refer to ILOSTAT directly.",38.8
2009,,M,,"Source = ILO modelled estimates, November 2021, available in ILOSTAT (https://ilostat.ilo.org/). For the specific sources by country and the estimation methodology refer to ILOSTAT directly.",Employed population below international poverty line [1.1.1],Female,15 to 24 years old,,,Modeled,,"Source = ILO modelled estimates, November 2021, available in ILOSTAT (https://ilostat.ilo.org/). For the specific sources by country and the estimation methodology refer to ILOSTAT directly.",33.9
2010,,M,,"Source = ILO modelled estimates, November 2021, available in ILOSTAT (https://ilostat.ilo.org/). For the specific sources by country and the estimation methodology refer to ILOSTAT directly.",Employed population below international poverty line [1.1.1],Female,15 to 24 years old,,,Modeled,,"Source = ILO modelled estimates, November 2021, available in ILOSTAT (https://ilostat.ilo.org/). For the specific sources by country and the estimation methodology refer to ILOSTAT directly.",26.4
2011,,M,,"Source = ILO modelled estimates, November 2021, available in ILOSTAT (https://ilostat.ilo.org/). For the specific sources by country and the estimation methodology refer to ILOSTAT directly.",Employed population below international poverty line [1.1.1],Female,15 to 24 years old,,,Modeled,,"Source = ILO modelled estimates, November 2021, available in ILOSTAT (https://ilostat.ilo.org/). For the specific sources by country and the estimation methodology refer to ILOSTAT directly.",21.5
2012,,M,,"Source = ILO modelled estimates, November 2021, available in ILOSTAT (https://ilostat.ilo.org/). For the specific sources by country and the estimation methodology refer to ILOSTAT directly.",Employed population below international poverty line [1.1.1],Female,15 to 24 years old,,,Modeled,,"Source = ILO modelled estimates, November 2021, available in ILOSTAT (https://ilostat.ilo.org/). For the specific sources by country and the estimation methodology refer to ILOSTAT directly.",19.5
2013,,M,,"Source = ILO modelled estimates, November 2021, available in ILOSTAT (https://ilostat.ilo.org/). For the specific sources by country and the estimation methodology refer to ILOSTAT directly.",Employed population below international poverty line [1.1.1],Female,15 to 24 years old,,,Modeled,,"Source = ILO modelled estimates, November 2021, available in ILOSTAT (https://ilostat.ilo.org/). For the specific sources by country and the estimation methodology refer to ILOSTAT directly.",22.6
2014,,M,,"Source = ILO modelled estimates, November 2021, available in ILOSTAT (https://ilostat.ilo.org/). For the specific sources by country and the estimation methodology refer to ILOSTAT directly.",Employed population below international poverty line [1.1.1],Female,15 to 24 years old,,,Modeled,,"Source = ILO modelled estimates, November 2021, available in ILOSTAT (https://ilostat.ilo.org/). For the specific sources by country and the estimation methodology refer to ILOSTAT directly.",25.4
2015,,M,,"Source = ILO modelled estimates, November 2021, available in ILOSTAT (https://ilostat.ilo.org/). For the specific sources by country and the estimation methodology refer to ILOSTAT directly.",Employed population below international poverty line [1.1.1],Female,15 to 24 years old,,,Modeled,,"Source = ILO modelled estimates, November 2021, available in ILOSTAT (https://ilostat.ilo.org/). For the specific sources by country and the estimation methodology refer to ILOSTAT directly.",28.4
2016,,M,,"Source = ILO modelled estimates, November 2021, available in ILOSTAT (https://ilostat.ilo.org/). For the specific sources by country and the estimation methodology refer to ILOSTAT directly.",Employed population below international poverty line [1.1.1],Female,15 to 24 years old,,,Modeled,,"Source = ILO modelled estimates, November 2021, available in ILOSTAT (https://ilostat.ilo.org/). For the specific sources by country and the estimation methodology refer to ILOSTAT directly.",31.9
2017,,M,,"Source = ILO modelled estimates, November 2021, available in ILOSTAT (https://ilostat.ilo.org/). For the specific sources by country and the estimation methodology refer to ILOSTAT directly.",Employed population below international poverty line [1.1.1],Female,15 to 24 years old,,,Modeled,,"Source = ILO modelled estimates, November 2021, available in ILOSTAT (https://ilostat.ilo.org/). For the specific sources by country and the estimation methodology refer to ILOSTAT directly.",33.3
2018,,M,,"Source = ILO modelled estimates, November 2021, available in ILOSTAT (https://ilostat.ilo.org/). For the specific sources by country and the estimation methodology refer to ILOSTAT directly.",Employed population below international poverty line [1.1.1],Female,15 to 24 years old,,,Modeled,,"Source = ILO modelled estimates, November 2021, available in ILOSTAT (https://ilostat.ilo.org/). For the specific sources by country and the estimation methodology refer to ILOSTAT directly.",32.9
2019,,M,,"Source = ILO modelled estimates, November 2021, available in ILOSTAT (https://ilostat.ilo.org/). For the specific sources by country and the estimation methodology refer to ILOSTAT directly.",Employed population below international poverty line [1.1.1],Female,15 to 24 years old,,,Modeled,,"Source = ILO modelled estimates, November 2021, available in ILOSTAT (https://ilostat.ilo.org/). For the specific sources by country and the estimation methodology refer to ILOSTAT directly.",39.0
2000,,M,,"Source = ILO modelled estimates, November 2021, available in ILOSTAT (https://ilostat.ilo.org/). For the specific sources by country and the estimation methodology refer to ILOSTAT directly.",Employed population below international poverty line [1.1.1],Male,15 years old and over,,,Modeled,,"Source = ILO modelled estimates, November 2021, available in ILOSTAT (https://ilostat.ilo.org/). For the specific sources by country and the estimation methodology refer to ILOSTAT directly.",8.6
2001,,M,,"Source = ILO modelled estimates, November 2021, available in ILOSTAT (https://ilostat.ilo.org/). For the specific sources by country and the estimation methodology refer to ILOSTAT directly.",Employed population below international poverty line [1.1.1],Male,15 years old and over,,,Modeled,,"Source = ILO modelled estimates, November 2021, available in ILOSTAT (https://ilostat.ilo.org/). For the specific sources by country and the estimation methodology refer to ILOSTAT directly.",8.4
2002,,M,,"Source = ILO modelled estimates, November 2021, available in ILOSTAT (https://ilostat.ilo.org/). For the specific sources by country and the estimation methodology refer to ILOSTAT directly.",Employed population below international poverty line [1.1.1],Male,15 years old and over,,,Modeled,,"Source = ILO modelled estimates, November 2021, available in ILOSTAT (https://ilostat.ilo.org/). For the specific sources by country and the estimation methodology refer to ILOSTAT directly.",11.1
2003,,M,,"Source = ILO modelled estimates, November 2021, available in ILOSTAT (https://ilostat.ilo.org/). For the specific sources by country and the estimation methodology refer to ILOSTAT directly.",Employed population below international poverty line [1.1.1],Male,15 years old and over,,,Modeled,,"Source = ILO modelled estimates, November 2021, available in ILOSTAT (https://ilostat.ilo.org/). For the specific sources by country and the estimation methodology refer to ILOSTAT directly.",17.0
2004,,M,,"Source = ILO modelled estimates, November 2021, available in ILOSTAT (https://ilostat.ilo.org/). For the specific sources by country and the estimation methodology refer to ILOSTAT directly.",Employed population below international poverty line [1.1.1],Male,15 years old and over,,,Modeled,,"Source = ILO modelled estimates, November 2021, available in ILOSTAT (https://ilostat.ilo.org/). For the specific sources by country and the estimation methodology refer to ILOSTAT directly.",19.3
2005,,M,,"Source = ILO modelled estimates, November 2021, available in ILOSTAT (https://ilostat.ilo.org/). For the specific sources by country and the estimation methodology refer to ILOSTAT directly.",Employed population below international poverty line [1.1.1],Male,15 years old and over,,,Modeled,,"Source = ILO modelled estimates, November 2021, available in ILOSTAT (https://ilostat.ilo.org/). For the specific sources by country and the estimation methodology refer to ILOSTAT directly.",21.7
2006,,M,,"Source = ILO modelled estimates, November 2021, available in ILOSTAT (https://ilostat.ilo.org/). For the specific sources by country and the estimation methodology refer to ILOSTAT directly.",Employed population below international poverty line [1.1.1],Male,15 years old and over,,,Modeled,,"Source = ILO modelled estimates, November 2021, available in ILOSTAT (https://ilostat.ilo.org/). For the specific sources by country and the estimation methodology refer to ILOSTAT directly.",23.4
2007,,M,,"Source = ILO modelled estimates, November 2021, available in ILOSTAT (https://ilostat.ilo.org/). For the specific sources by country and the estimation methodology refer to ILOSTAT directly.",Employed population below international poverty line [1.1.1],Male,15 years old and over,,,Modeled,,"Source = ILO modelled estimates, November 2021, available in ILOSTAT (https://ilostat.ilo.org/). For the specific sources by country and the estimation methodology refer to ILOSTAT directly.",25.4
2008,,M,,"Source = ILO modelled estimates, November 2021, available in ILOSTAT (https://ilostat.ilo.org/). For the specific sources by country and the estimation methodology refer to ILOSTAT directly.",Employed population below international poverty line [1.1.1],Male,15 years old and over,,,Modeled,,"Source = ILO modelled estimates, November 2021, available in ILOSTAT (https://ilostat.ilo.org/). For the specific sources by country and the estimation methodology refer to ILOSTAT directly.",34.9
2009,,M,,"Source = ILO modelled estimates, November 2021, available in ILOSTAT (https://ilostat.ilo.org/). For the specific sources by country and the estimation methodology refer to ILOSTAT directly.",Employed population below international poverty line [1.1.1],Male,15 years old and over,,,Modeled,,"Source = ILO modelled estimates, November 2021, available in ILOSTAT (https://ilostat.ilo.org/). For the specific sources by country and the estimation methodology refer to ILOSTAT directly.",30.1
2010,,M,,"Source = ILO modelled estimates, November 2021, available in ILOSTAT (https://ilostat.ilo.org/). For the specific sources by country and the estimation methodology refer to ILOSTAT directly.",Employed population below international poverty line [1.1.1],Male,15 years old and over,,,Modeled,,"Source = ILO modelled estimates, November 2021, available in ILOSTAT (https://ilostat.ilo.org/). For the specific sources by country and the estimation methodology refer to ILOSTAT directly.",22.9
2011,,M,,"Source = ILO modelled estimates, November 2021, available in ILOSTAT (https://ilostat.ilo.org/). For the specific sources by country and the estimation methodology refer to ILOSTAT directly.",Employed population below international poverty line [1.1.1],Male,15 years old and over,,,Modeled,,"Source = ILO modelled estimates, November 2021, available in ILOSTAT (https://ilostat.ilo.org/). For the specific sources by country and the estimation methodology refer to ILOSTAT directly.",18.3
2012,,M,,"Source = ILO modelled estimates, November 2021, available in ILOSTAT (https://ilostat.ilo.org/). For the specific sources by country and the estimation methodology refer to ILOSTAT directly.",Employed population below international poverty line [1.1.1],Male,15 years old and over,,,Modeled,,"Source = ILO modelled estimates, November 2021, available in ILOSTAT (https://ilostat.ilo.org/). For the specific sources by country and the estimation methodology refer to ILOSTAT directly.",16.6
2013,,M,,"Source = ILO modelled estimates, November 2021, available in ILOSTAT (https://ilostat.ilo.org/). For the specific sources by country and the estimation methodology refer to ILOSTAT directly.",Employed population below international poverty line [1.1.1],Male,15 years old and over,,,Modeled,,"Source = ILO modelled estimates, November 2021, available in ILOSTAT (https://ilostat.ilo.org/). For the specific sources by country and the estimation methodology refer to ILOSTAT directly.",19.3
2014,,M,,"Source = ILO modelled estimates, November 2021, available in ILOSTAT (https://ilostat.ilo.org/). For the specific sources by country and the estimation methodology refer to ILOSTAT directly.",Employed population below international poverty line [1.1.1],Male,15 years old and over,,,Modeled,,"Source = ILO modelled estimates, November 2021, available in ILOSTAT (https://ilostat.ilo.org/). For the specific sources by country and the estimation methodology refer to ILOSTAT directly.",21.9
2015,,M,,"Source = ILO modelled estimates, November 2021, available in ILOSTAT (https://ilostat.ilo.org/). For the specific sources by country and the estimation methodology refer to ILOSTAT directly.",Employed population below international poverty line [1.1.1],Male,15 years old and over,,,Modeled,,"Source = ILO modelled estimates, November 2021, available in ILOSTAT (https://ilostat.ilo.org/). For the specific sources by country and the estimation methodology refer to ILOSTAT directly.",24.7
2016,,M,,"Source = ILO modelled estimates, November 2021, available in ILOSTAT (https://ilostat.ilo.org/). For the specific sources by country and the estimation methodology refer to ILOSTAT directly.",Employed population below international poverty line [1.1.1],Male,15 years old and over,,,Modeled,,"Source = ILO modelled estimates, November 2021, available in ILOSTAT (https://ilostat.ilo.org/). For the specific sources by country and the estimation methodology refer to ILOSTAT directly.",27.9
2017,,M,,"Source = ILO modelled estimates, November 2021, available in ILOSTAT (https://ilostat.ilo.org/). For the specific sources by country and the estimation methodology refer to ILOSTAT directly.",Employed population below international poverty line [1.1.1],Male,15 years old and over,,,Modeled,,"Source = ILO modelled estimates, November 2021, available in ILOSTAT (https://ilostat.ilo.org/). For the specific sources by country and the estimation methodology refer to ILOSTAT directly.",29.3
2018,,M,,"Source = ILO modelled estimates, November 2021, available in ILOSTAT (https://ilostat.ilo.org/). For the specific sources by country and the estimation methodology refer to ILOSTAT directly.",Employed population below international poverty line [1.1.1],Male,15 years old and over,,,Modeled,,"Source = ILO modelled estimates, November 2021, available in ILOSTAT (https://ilostat.ilo.org/). For the specific sources by country and the estimation methodology refer to ILOSTAT directly.",28.7
2019,,M,,"Source = ILO modelled estimates, November 2021, available in ILOSTAT (https://ilostat.ilo.org/). For the specific sources by country and the estimation methodology refer to ILOSTAT directly.",Employed population below international poverty line [1.1.1],Male,15 years old and over,,,Modeled,,"Source = ILO modelled estimates, November 2021, available in ILOSTAT (https://ilostat.ilo.org/). For the specific sources by country and the estimation methodology refer to ILOSTAT directly.",34.5
2000,,M,,"Source = ILO modelled estimates, November 2021, available in ILOSTAT (https://ilostat.ilo.org/). For the specific sources by country and the estimation methodology refer to ILOSTAT directly.",Employed population below international poverty line [1.1.1],Male,25 years old and over,,,Modeled,,"Source = ILO modelled estimates, November 2021, available in ILOSTAT (https://ilostat.ilo.org/). For the specific sources by country and the estimation methodology refer to ILOSTAT directly.",7.5
2001,,M,,"Source = ILO modelled estimates, November 2021, available in ILOSTAT (https://ilostat.ilo.org/). For the specific sources by country and the estimation methodology refer to ILOSTAT directly.",Employed population below international poverty line [1.1.1],Male,25 years old and over,,,Modeled,,"Source = ILO modelled estimates, November 2021, available in ILOSTAT (https://ilostat.ilo.org/). For the specific sources by country and the estimation methodology refer to ILOSTAT directly.",7.3
2002,,M,,"Source = ILO modelled estimates, November 2021, available in ILOSTAT (https://ilostat.ilo.org/). For the specific sources by country and the estimation methodology refer to ILOSTAT directly.",Employed population below international poverty line [1.1.1],Male,25 years old and over,,,Modeled,,"Source = ILO modelled estimates, November 2021, available in ILOSTAT (https://ilostat.ilo.org/). For the specific sources by country and the estimation methodology refer to ILOSTAT directly.",9.7
2003,,M,,"Source = ILO modelled estimates, November 2021, available in ILOSTAT (https://ilostat.ilo.org/). For the specific sources by country and the estimation methodology refer to ILOSTAT directly.",Employed population below international poverty line [1.1.1],Male,25 years old and over,,,Modeled,,"Source = ILO modelled estimates, November 2021, available in ILOSTAT (https://ilostat.ilo.org/). For the specific sources by country and the estimation methodology refer to ILOSTAT directly.",15.2
2004,,M,,"Source = ILO modelled estimates, November 2021, available in ILOSTAT (https://ilostat.ilo.org/). For the specific sources by country and the estimation methodology refer to ILOSTAT directly.",Employed population below international poverty line [1.1.1],Male,25 years old and over,,,Modeled,,"Source = ILO modelled estimates, November 2021, available in ILOSTAT (https://ilostat.ilo.org/). For the specific sources by country and the estimation methodology refer to ILOSTAT directly.",17.3
2005,,M,,"Source = ILO modelled estimates, November 2021, available in ILOSTAT (https://ilostat.ilo.org/). For the specific sources by country and the estimation methodology refer to ILOSTAT directly.",Employed population below international poverty line [1.1.1],Male,25 years old and over,,,Modeled,,"Source = ILO modelled estimates, November 2021, available in ILOSTAT (https://ilostat.ilo.org/). For the specific sources by country and the estimation methodology refer to ILOSTAT directly.",19.5
2006,,M,,"Source = ILO modelled estimates, November 2021, available in ILOSTAT (https://ilostat.ilo.org/). For the specific sources by country and the estimation methodology refer to ILOSTAT directly.",Employed population below international poverty line [1.1.1],Male,25 years old and over,,,Modeled,,"Source = ILO modelled estimates, November 2021, available in ILOSTAT (https://ilostat.ilo.org/). For the specific sources by country and the estimation methodology refer to ILOSTAT directly.",21.1
2007,,M,,"Source = ILO modelled estimates, November 2021, available in ILOSTAT (https://ilostat.ilo.org/). For the specific sources by country and the estimation methodology refer to ILOSTAT directly.",Employed population below international poverty line [1.1.1],Male,25 years old and over,,,Modeled,,"Source = ILO modelled estimates, November 2021, available in ILOSTAT (https://ilostat.ilo.org/). For the specific sources by country and the estimation methodology refer to ILOSTAT directly.",23.0
2008,,M,,"Source = ILO modelled estimates, November 2021, available in ILOSTAT (https://ilostat.ilo.org/). For the specific sources by country and the estimation methodology refer to ILOSTAT directly.",Employed population below international poverty line [1.1.1],Male,25 years old and over,,,Modeled,,"Source = ILO modelled estimates, November 2021, available in ILOSTAT (https://ilostat.ilo.org/). For the specific sources by country and the estimation methodology refer to ILOSTAT directly.",32.4
2009,,M,,"Source = ILO modelled estimates, November 2021, available in ILOSTAT (https://ilostat.ilo.org/). For the specific sources by country and the estimation methodology refer to ILOSTAT directly.",Employed population below international poverty line [1.1.1],Male,25 years old and over,,,Modeled,,"Source = ILO modelled estimates, November 2021, available in ILOSTAT (https://ilostat.ilo.org/). For the specific sources by country and the estimation methodology refer to ILOSTAT directly.",27.7
2010,,M,,"Source = ILO modelled estimates, November 2021, available in ILOSTAT (https://ilostat.ilo.org/). For the specific sources by country and the estimation methodology refer to ILOSTAT directly.",Employed population below international poverty line [1.1.1],Male,25 years old and over,,,Modeled,,"Source = ILO modelled estimates, November 2021, available in ILOSTAT (https://ilostat.ilo.org/). For the specific sources by country and the estimation methodology refer to ILOSTAT directly.",20.7
2011,,M,,"Source = ILO modelled estimates, November 2021, available in ILOSTAT (https://ilostat.ilo.org/). For the specific sources by country and the estimation methodology refer to ILOSTAT directly.",Employed population below international poverty line [1.1.1],Male,25 years old and over,,,Modeled,,"Source = ILO modelled estimates, November 2021, available in ILOSTAT (https://ilostat.ilo.org/). For the specific sources by country and the estimation methodology refer to ILOSTAT directly.",16.4
2012,,M,,"Source = ILO modelled estimates, November 2021, available in ILOSTAT (https://ilostat.ilo.org/). For the specific sources by country and the estimation methodology refer to ILOSTAT directly.",Employed population below international poverty line [1.1.1],Male,25 years old and over,,,Modeled,,"Source = ILO modelled estimates, November 2021, available in ILOSTAT (https://ilostat.ilo.org/). For the specific sources by country and the estimation methodology refer to ILOSTAT directly.",14.8
2013,,M,,"Source = ILO modelled estimates, November 2021, available in ILOSTAT (https://ilostat.ilo.org/). For the specific sources by country and the estimation methodology refer to ILOSTAT directly.",Employed population below international poverty line [1.1.1],Male,25 years old and over,,,Modeled,,"Source = ILO modelled estimates, November 2021, available in ILOSTAT (https://ilostat.ilo.org/). For the specific sources by country and the estimation methodology refer to ILOSTAT directly.",17.4
2014,,M,,"Source = ILO modelled estimates, November 2021, available in ILOSTAT (https://ilostat.ilo.org/). For the specific sources by country and the estimation methodology refer to ILOSTAT directly.",Employed population below international poverty line [1.1.1],Male,25 years old and over,,,Modeled,,"Source = ILO modelled estimates, November 2021, available in ILOSTAT (https://ilostat.ilo.org/). For the specific sources by country and the estimation methodology refer to ILOSTAT directly.",19.9
2015,,M,,"Source = ILO modelled estimates, November 2021, available in ILOSTAT (https://ilostat.ilo.org/). For the specific sources by country and the estimation methodology refer to ILOSTAT directly.",Employed population below international poverty line [1.1.1],Male,25 years old and over,,,Modeled,,"Source = ILO modelled estimates, November 2021, available in ILOSTAT (https://ilostat.ilo.org/). For the specific sources by country and the estimation methodology refer to ILOSTAT directly.",22.5
2016,,M,,"Source = ILO modelled estimates, November 2021, available in ILOSTAT (https://ilostat.ilo.org/). For the specific sources by country and the estimation methodology refer to ILOSTAT directly.",Employed population below international poverty line [1.1.1],Male,25 years old and over,,,Modeled,,"Source = ILO modelled estimates, November 2021, available in ILOSTAT (https://ilostat.ilo.org/). For the specific sources by country and the estimation methodology refer to ILOSTAT directly.",25.7
2017,,M,,"Source = ILO modelled estimates, November 2021, available in ILOSTAT (https://ilostat.ilo.org/). For the specific sources by country and the estimation methodology refer to ILOSTAT directly.",Employed population below international poverty line [1.1.1],Male,25 years old and over,,,Modeled,,"Source = ILO modelled estimates, November 2021, available in ILOSTAT (https://ilostat.ilo.org/). For the specific sources by country and the estimation methodology refer to ILOSTAT directly.",27.1
2018,,M,,"Source = ILO modelled estimates, November 2021, available in ILOSTAT (https://ilostat.ilo.org/). For the specific sources by country and the estimation methodology refer to ILOSTAT directly.",Employed population below international poverty line [1.1.1],Male,25 years old and over,,,Modeled,,"Source = ILO modelled estimates, November 2021, available in ILOSTAT (https://ilostat.ilo.org/). For the specific sources by country and the estimation methodology refer to ILOSTAT directly.",26.5
2019,,M,,"Source = ILO modelled estimates, November 2021, available in ILOSTAT (https://ilostat.ilo.org/). For the specific sources by country and the estimation methodology refer to ILOSTAT directly.",Employed population below international poverty line [1.1.1],Male,25 years old and over,,,Modeled,,"Source = ILO modelled estimates, November 2021, available in ILOSTAT (https://ilostat.ilo.org/). For the specific sources by country and the estimation methodology refer to ILOSTAT directly.",32.0
2000,,M,,"Source = ILO modelled estimates, November 2021, available in ILOSTAT (https://ilostat.ilo.org/). For the specific sources by country and the estimation methodology refer to ILOSTAT directly.",Employed population below international poverty line [1.1.1],Male,15 to 24 years old,,,Modeled,,"Source = ILO modelled estimates, November 2021, available in ILOSTAT (https://ilostat.ilo.org/). For the specific sources by country and the estimation methodology refer to ILOSTAT directly.",10.6
2001,,M,,"Source = ILO modelled estimates, November 2021, available in ILOSTAT (https://ilostat.ilo.org/). For the specific sources by country and the estimation methodology refer to ILOSTAT directly.",Employed population below international poverty line [1.1.1],Male,15 to 24 years old,,,Modeled,,"Source = ILO modelled estimates, November 2021, available in ILOSTAT (https://ilostat.ilo.org/). For the specific sources by country and the estimation methodology refer to ILOSTAT directly.",10.3
2002,,M,,"Source = ILO modelled estimates, November 2021, available in ILOSTAT (https://ilostat.ilo.org/). For the specific sources by country and the estimation methodology refer to ILOSTAT directly.",Employed population below international poverty line [1.1.1],Male,15 to 24 years old,,,Modeled,,"Source = ILO modelled estimates, November 2021, available in ILOSTAT (https://ilostat.ilo.org/). For the specific sources by country and the estimation methodology refer to ILOSTAT directly.",13.5
2003,,M,,"Source = ILO modelled estimates, November 2021, available in ILOSTAT (https://ilostat.ilo.org/). For the specific sources by country and the estimation methodology refer to ILOSTAT directly.",Employed population below international poverty line [1.1.1],Male,15 to 24 years old,,,Modeled,,"Source = ILO modelled estimates, November 2021, available in ILOSTAT (https://ilostat.ilo.org/). For the specific sources by country and the estimation methodology refer to ILOSTAT directly.",20.4
2004,,M,,"Source = ILO modelled estimates, November 2021, available in ILOSTAT (https://ilostat.ilo.org/). For the specific sources by country and the estimation methodology refer to ILOSTAT directly.",Employed population below international poverty line [1.1.1],Male,15 to 24 years old,,,Modeled,,"Source = ILO modelled estimates, November 2021, available in ILOSTAT (https://ilostat.ilo.org/). For the specific sources by country and the estimation methodology refer to ILOSTAT directly.",22.9
2005,,M,,"Source = ILO modelled estimates, November 2021, available in ILOSTAT (https://ilostat.ilo.org/). For the specific sources by country and the estimation methodology refer to ILOSTAT directly.",Employed population below international poverty line [1.1.1],Male,15 to 24 years old,,,Modeled,,"Source = ILO modelled estimates, November 2021, available in ILOSTAT (https://ilostat.ilo.org/). For the specific sources by country and the estimation methodology refer to ILOSTAT directly.",25.5
2006,,M,,"Source = ILO modelled estimates, November 2021, available in ILOSTAT (https://ilostat.ilo.org/). For the specific sources by country and the estimation methodology refer to ILOSTAT directly.",Employed population below international poverty line [1.1.1],Male,15 to 24 years old,,,Modeled,,"Source = ILO modelled estimates, November 2021, available in ILOSTAT (https://ilostat.ilo.org/). For the specific sources by country and the estimation methodology refer to ILOSTAT directly.",27.3
2007,,M,,"Source = ILO modelled estimates, November 2021, available in ILOSTAT (https://ilostat.ilo.org/). For the specific sources by country and the estimation methodology refer to ILOSTAT directly.",Employed population below international poverty line [1.1.1],Male,15 to 24 years old,,,Modeled,,"Source = ILO modelled estimates, November 2021, available in ILOSTAT (https://ilostat.ilo.org/). For the specific sources by country and the estimation methodology refer to ILOSTAT directly.",29.5
2008,,M,,"Source = ILO modelled estimates, November 2021, available in ILOSTAT (https://ilostat.ilo.org/). For the specific sources by country and the estimation methodology refer to ILOSTAT directly.",Employed population below international poverty line [1.1.1],Male,15 to 24 years old,,,Modeled,,"Source = ILO modelled estimates, November 2021, available in ILOSTAT (https://ilostat.ilo.org/). For the specific sources by country and the estimation methodology refer to ILOSTAT directly.",39.5
2009,,M,,"Source = ILO modelled estimates, November 2021, available in ILOSTAT (https://ilostat.ilo.org/). For the specific sources by country and the estimation methodology refer to ILOSTAT directly.",Employed population below international poverty line [1.1.1],Male,15 to 24 years old,,,Modeled,,"Source = ILO modelled estimates, November 2021, available in ILOSTAT (https://ilostat.ilo.org/). For the specific sources by country and the estimation methodology refer to ILOSTAT directly.",34.6
2010,,M,,"Source = ILO modelled estimates, November 2021, available in ILOSTAT (https://ilostat.ilo.org/). For the specific sources by country and the estimation methodology refer to ILOSTAT directly.",Employed population below international poverty line [1.1.1],Male,15 to 24 years old,,,Modeled,,"Source = ILO modelled estimates, November 2021, available in ILOSTAT (https://ilostat.ilo.org/). For the specific sources by country and the estimation methodology refer to ILOSTAT directly.",27.0
2011,,M,,"Source = ILO modelled estimates, November 2021, available in ILOSTAT (https://ilostat.ilo.org/). For the specific sources by country and the estimation methodology refer to ILOSTAT directly.",Employed population below international poverty line [1.1.1],Male,15 to 24 years old,,,Modeled,,"Source = ILO modelled estimates, November 2021, available in ILOSTAT (https://ilostat.ilo.org/). For the specific sources by country and the estimation methodology refer to ILOSTAT directly.",22.0
2012,,M,,"Source = ILO modelled estimates, November 2021, available in ILOSTAT (https://ilostat.ilo.org/). For the specific sources by country and the estimation methodology refer to ILOSTAT directly.",Employed population below international poverty line [1.1.1],Male,15 to 24 years old,,,Modeled,,"Source = ILO modelled estimates, November 2021, available in ILOSTAT (https://ilostat.ilo.org/). For the specific sources by country and the estimation methodology refer to ILOSTAT directly.",20.0
2013,,M,,"Source = ILO modelled estimates, November 2021, available in ILOSTAT (https://ilostat.ilo.org/). For the specific sources by country and the estimation methodology refer to ILOSTAT directly.",Employed population below international poverty line [1.1.1],Male,15 to 24 years old,,,Modeled,,"Source = ILO modelled estimates, November 2021, available in ILOSTAT (https://ilostat.ilo.org/). For the specific sources by country and the estimation methodology refer to ILOSTAT directly.",23.0
2014,,M,,"Source = ILO modelled estimates, November 2021, available in ILOSTAT (https://ilostat.ilo.org/). For the specific sources by country and the estimation methodology refer to ILOSTAT directly.",Employed population below international poverty line [1.1.1],Male,15 to 24 years old,,,Modeled,,"Source = ILO modelled estimates, November 2021, available in ILOSTAT (https://ilostat.ilo.org/). For the specific sources by country and the estimation methodology refer to ILOSTAT directly.",25.8
2015,,M,,"Source = ILO modelled estimates, November 2021, available in ILOSTAT (https://ilostat.ilo.org/). For the specific sources by country and the estimation methodology refer to ILOSTAT directly.",Employed population below international poverty line [1.1.1],Male,15 to 24 years old,,,Modeled,,"Source = ILO modelled estimates, November 2021, available in ILOSTAT (https://ilostat.ilo.org/). For the specific sources by country and the estimation methodology refer to ILOSTAT directly.",28.9
2016,,M,,"Source = ILO modelled estimates, November 2021, available in ILOSTAT (https://ilostat.ilo.org/). For the specific sources by country and the estimation methodology refer to ILOSTAT directly.",Employed population below international poverty line [1.1.1],Male,15 to 24 years old,,,Modeled,,"Source = ILO modelled estimates, November 2021, available in ILOSTAT (https://ilostat.ilo.org/). For the specific sources by country and the estimation methodology refer to ILOSTAT directly.",32.4
2017,,M,,"Source = ILO modelled estimates, November 2021, available in ILOSTAT (https://ilostat.ilo.org/). For the specific sources by country and the estimation methodology refer to ILOSTAT directly.",Employed population below international poverty line [1.1.1],Male,15 to 24 years old,,,Modeled,,"Source = ILO modelled estimates, November 2021, available in ILOSTAT (https://ilostat.ilo.org/). For the specific sources by country and the estimation methodology refer to ILOSTAT directly.",33.9
2018,,M,,"Source = ILO modelled estimates, November 2021, available in ILOSTAT (https://ilostat.ilo.org/). For the specific sources by country and the estimation methodology refer to ILOSTAT directly.",Employed population below international poverty line [1.1.1],Male,15 to 24 years old,,,Modeled,,"Source = ILO modelled estimates, November 2021, available in ILOSTAT (https://ilostat.ilo.org/). For the specific sources by country and the estimation methodology refer to ILOSTAT directly.",33.3
2019,,M,,"Source = ILO modelled estimates, November 2021, available in ILOSTAT (https://ilostat.ilo.org/). For the specific sources by country and the estimation methodology refer to ILOSTAT directly.",Employed population below international poverty line [1.1.1],Male,15 to 24 years old,,,Modeled,,"Source = ILO modelled estimates, November 2021, available in ILOSTAT (https://ilostat.ilo.org/). For the specific sources by country and the estimation methodology refer to ILOSTAT directly.",39.5
