Year,COMMENT_OBS,SOURCE_DETAIL,SDG Series,Observation-level footnotes,Source details,Value
2015,"Obs_Value = 0;  Value ""1"" represents country's birth registration data are at least 90 per cent complete. ""0"" represents country's birth registration data are less than 90 per cent complete.","Demographic and Social Statistics Branch, United Nations Statistics Division (UNSD), Department of Economic and Social Affairs, United Nations",Countries with birth registration data that are at least 90 percent complete (1 = YES; 0 = NO) [17.19.2],"Obs_Value = 0;  Value ""1"" represents country's birth registration data are at least 90 per cent complete. ""0"" represents country's birth registration data are less than 90 per cent complete.","Demographic and Social Statistics Branch, United Nations Statistics Division (UNSD), Department of Economic and Social Affairs, United Nations",0
2019,"Obs_Value = 0;  Value ""1"" represents country's birth registration data are at least 90 per cent complete. ""0"" represents country's birth registration data are less than 90 per cent complete.","Demographic and Social Statistics Branch, United Nations Statistics Division (UNSD), Department of Economic and Social Affairs, United Nations",Countries with birth registration data that are at least 90 percent complete (1 = YES; 0 = NO) [17.19.2],"Obs_Value = 0;  Value ""1"" represents country's birth registration data are at least 90 per cent complete. ""0"" represents country's birth registration data are less than 90 per cent complete.","Demographic and Social Statistics Branch, United Nations Statistics Division (UNSD), Department of Economic and Social Affairs, United Nations",0
2020,"Obs_Value = 0;  Value ""1"" represents country's birth registration data are at least 90 per cent complete. ""0"" represents country's birth registration data are less than 90 per cent complete.","Demographic and Social Statistics Branch, United Nations Statistics Division (UNSD), Department of Economic and Social Affairs, United Nations",Countries with birth registration data that are at least 90 percent complete (1 = YES; 0 = NO) [17.19.2],"Obs_Value = 0;  Value ""1"" represents country's birth registration data are at least 90 per cent complete. ""0"" represents country's birth registration data are less than 90 per cent complete.","Demographic and Social Statistics Branch, United Nations Statistics Division (UNSD), Department of Economic and Social Affairs, United Nations",0
2022,,"Demographic and Social Statistics Branch, United Nations Statistics Division (UNSD), Department of Economic and Social Affairs, United Nations.",Countries that have conducted at least one population and housing census in the last 10 years (1 = YES; 0 = NO) [17.19.2],,"Demographic and Social Statistics Branch, United Nations Statistics Division (UNSD), Department of Economic and Social Affairs, United Nations.",1
2016,"Obs_Value = 0;  Value ""1"" represents country's death registration data are at least 75 per cent complete. ""0"" represents country's death registration data are less than 75 per cent complete.","Demographic and Social Statistics Branch, United Nations Statistics Division (UNSD), Department of Economic and Social Affairs, United Nations",Countries with death registration data that are at least 75 percent complete (1 = YES; 0 = NO) [17.19.2],"Obs_Value = 0;  Value ""1"" represents country's death registration data are at least 75 per cent complete. ""0"" represents country's death registration data are less than 75 per cent complete.","Demographic and Social Statistics Branch, United Nations Statistics Division (UNSD), Department of Economic and Social Affairs, United Nations",0
2017,"Obs_Value = 0;  Value ""1"" represents country's death registration data are at least 75 per cent complete. ""0"" represents country's death registration data are less than 75 per cent complete.","Demographic and Social Statistics Branch, United Nations Statistics Division (UNSD), Department of Economic and Social Affairs, United Nations",Countries with death registration data that are at least 75 percent complete (1 = YES; 0 = NO) [17.19.2],"Obs_Value = 0;  Value ""1"" represents country's death registration data are at least 75 per cent complete. ""0"" represents country's death registration data are less than 75 per cent complete.","Demographic and Social Statistics Branch, United Nations Statistics Division (UNSD), Department of Economic and Social Affairs, United Nations",0
2018,"Obs_Value = 0;  Value ""1"" represents country's death registration data are at least 75 per cent complete. ""0"" represents country's death registration data are less than 75 per cent complete.","Demographic and Social Statistics Branch, United Nations Statistics Division (UNSD), Department of Economic and Social Affairs, United Nations",Countries with death registration data that are at least 75 percent complete (1 = YES; 0 = NO) [17.19.2],"Obs_Value = 0;  Value ""1"" represents country's death registration data are at least 75 per cent complete. ""0"" represents country's death registration data are less than 75 per cent complete.","Demographic and Social Statistics Branch, United Nations Statistics Division (UNSD), Department of Economic and Social Affairs, United Nations",0
2019,"Obs_Value = 0;  Value ""1"" represents country's death registration data are at least 75 per cent complete. ""0"" represents country's death registration data are less than 75 per cent complete.","Demographic and Social Statistics Branch, United Nations Statistics Division (UNSD), Department of Economic and Social Affairs, United Nations",Countries with death registration data that are at least 75 percent complete (1 = YES; 0 = NO) [17.19.2],"Obs_Value = 0;  Value ""1"" represents country's death registration data are at least 75 per cent complete. ""0"" represents country's death registration data are less than 75 per cent complete.","Demographic and Social Statistics Branch, United Nations Statistics Division (UNSD), Department of Economic and Social Affairs, United Nations",0
2020,"Obs_Value = 0;  Value ""1"" represents country's death registration data are at least 75 per cent complete. ""0"" represents country's death registration data are less than 75 per cent complete.","Demographic and Social Statistics Branch, United Nations Statistics Division (UNSD), Department of Economic and Social Affairs, United Nations",Countries with death registration data that are at least 75 percent complete (1 = YES; 0 = NO) [17.19.2],"Obs_Value = 0;  Value ""1"" represents country's death registration data are at least 75 per cent complete. ""0"" represents country's death registration data are less than 75 per cent complete.","Demographic and Social Statistics Branch, United Nations Statistics Division (UNSD), Department of Economic and Social Affairs, United Nations",0
