Year,SDG Series,Sex,Value
2019,Proportion of children engaged in economic activity [8.7.1],,25.6
2019,Proportion of children engaged in economic activity [8.7.1],Female,19.0
2019,Proportion of children engaged in economic activity [8.7.1],Male,31.8
2019,Proportion of children engaged in economic activity and household chores [8.7.1],,27.9
2019,Proportion of children engaged in economic activity and household chores [8.7.1],Female,22.4
2019,Proportion of children engaged in economic activity and household chores [8.7.1],Male,33.1
