Year,SDG Series,Value
2016,Proportion of project objectives in new development interventions drawn from country-led result frameworks - data by recipient [17.15.1],91.3
2018,Proportion of project objectives in new development interventions drawn from country-led result frameworks - data by recipient [17.15.1],62.5
2016,Proportion of results indicators drawn from country-led results frameworks - data by recipient (%) [17.15.1],49.9
2018,Proportion of results indicators drawn from country-led results frameworks - data by recipient (%) [17.15.1],85.04357
2016,Proportion of results indicators which will be monitored using government sources and monitoring systems - data by recipient (%) [17.15.1],36.9
2018,Proportion of results indicators which will be monitored using government sources and monitoring systems - data by recipient (%) [17.15.1],84.03922
2016,Extent of use of country-owned results frameworks and planning tools by providers of development cooperation - data by recipient (%)  [17.15.1],59.36667
2018,Extent of use of country-owned results frameworks and planning tools by providers of development cooperation - data by recipient (%)  [17.15.1],77.19426
