Year,UNIT_MULT,NATURE,UPPER_BOUND,LOWER_BOUND,SOURCE_DETAIL,SDG Series,Unit of measure,Unit multiplier,Nature of data points,Upper bound value,Lower bound value,Source details,Observation-level footnotes,COMMENT_OBS,Value
2005,0,CA,8.1,6.5,"Zimbabwe demographic and health survey 2005-06. Demographic and Health Surveys. Calverton, Maryland: CSO and Macro International Inc., 2007",Proportion of children moderately or severely wasted [2.2.2],Percent,Units,Country Adjusted,3.5,2.4,"Zimbabwe Multiple Indicator  Cluster Survey 2019, Survey Findings Report. Harare, Zimbabwe: ZIMSTAT and UNICEF",Oedema data was not considered in the analysis ,,7.2
2009,0,CA,2.9,2,"Zimbabwe multiple indicator monitoring survey (MIMS), 2009. Report August 2010. Harare, Zimbabwe: ZIMSTAT, 2010",Proportion of children moderately or severely wasted [2.2.2],Percent,Units,Country Adjusted,3.5,2.4,"Zimbabwe Multiple Indicator  Cluster Survey 2019, Survey Findings Report. Harare, Zimbabwe: ZIMSTAT and UNICEF",Oedema data was not considered in the analysis ,Oedema data was not considered in the analysis ,2.4
2010,0,CA,3.7,2.7,"Zimbabwe demographic and health survey 2010-11. Demographic and Health Surveys. Calverton, Maryland: ZIMSTAT and ICF International Inc., 2012",Proportion of children moderately or severely wasted [2.2.2],Percent,Units,Country Adjusted,3.5,2.4,"Zimbabwe Multiple Indicator  Cluster Survey 2019, Survey Findings Report. Harare, Zimbabwe: ZIMSTAT and UNICEF",Oedema data was not considered in the analysis ,,3.2
2014,0,CA,3.6,2.9,"Zimbabwe Multiple Indicator Cluster Survey 2014, Final Report. Harare, Zimbabwe",Proportion of children moderately or severely wasted [2.2.2],Percent,Units,Country Adjusted,3.5,2.4,"Zimbabwe Multiple Indicator  Cluster Survey 2019, Survey Findings Report. Harare, Zimbabwe: ZIMSTAT and UNICEF",Oedema data was not considered in the analysis ,Oedema data was not considered in the analysis ,3.2
2015,0,CA,3.9,2.8,"Zimbabwe Demographic and Health Survey 2015: Final Report. Rockville, Maryland, USA: Zimbabwe National Statistics Agency (ZIMSTAT) and ICF International.",Proportion of children moderately or severely wasted [2.2.2],Percent,Units,Country Adjusted,3.5,2.4,"Zimbabwe Multiple Indicator  Cluster Survey 2019, Survey Findings Report. Harare, Zimbabwe: ZIMSTAT and UNICEF",Oedema data was not considered in the analysis ,,3.3
2019,0,CA,3.5,2.4,"Zimbabwe Multiple Indicator  Cluster Survey 2019, Survey Findings Report. Harare, Zimbabwe: ZIMSTAT and UNICEF",Proportion of children moderately or severely wasted [2.2.2],Percent,Units,Country Adjusted,3.5,2.4,"Zimbabwe Multiple Indicator  Cluster Survey 2019, Survey Findings Report. Harare, Zimbabwe: ZIMSTAT and UNICEF",Oedema data was not considered in the analysis ,,2.9
2005,3,CA,142.9,114.3,"Zimbabwe demographic and health survey 2005-06. Demographic and Health Surveys. Calverton, Maryland: CSO and Macro International Inc., 2007",Children moderately or severely wasted (number) [2.2.2],Number,Thousands,Country Adjusted,74.2,50.8,"Zimbabwe Multiple Indicator  Cluster Survey 2019, Survey Findings Report. Harare, Zimbabwe: ZIMSTAT and UNICEF",Oedema data was not considered in the analysis ,,127.9
2009,3,CA,56,39.7,"Zimbabwe multiple indicator monitoring survey (MIMS), 2009. Report August 2010. Harare, Zimbabwe: ZIMSTAT, 2010",Children moderately or severely wasted (number) [2.2.2],Number,Thousands,Country Adjusted,74.2,50.8,"Zimbabwe Multiple Indicator  Cluster Survey 2019, Survey Findings Report. Harare, Zimbabwe: ZIMSTAT and UNICEF",Oedema data was not considered in the analysis ,Oedema data was not considered in the analysis ,47.2
2010,3,CA,73.7,53.8,"Zimbabwe demographic and health survey 2010-11. Demographic and Health Surveys. Calverton, Maryland: ZIMSTAT and ICF International Inc., 2012",Children moderately or severely wasted (number) [2.2.2],Number,Thousands,Country Adjusted,74.2,50.8,"Zimbabwe Multiple Indicator  Cluster Survey 2019, Survey Findings Report. Harare, Zimbabwe: ZIMSTAT and UNICEF",Oedema data was not considered in the analysis ,,63.0
2014,3,CA,81.6,64.4,"Zimbabwe Multiple Indicator Cluster Survey 2014, Final Report. Harare, Zimbabwe",Children moderately or severely wasted (number) [2.2.2],Number,Thousands,Country Adjusted,74.2,50.8,"Zimbabwe Multiple Indicator  Cluster Survey 2019, Survey Findings Report. Harare, Zimbabwe: ZIMSTAT and UNICEF",Oedema data was not considered in the analysis ,Oedema data was not considered in the analysis ,72.5
2015,3,CA,87.2,63.3,"Zimbabwe Demographic and Health Survey 2015: Final Report. Rockville, Maryland, USA: Zimbabwe National Statistics Agency (ZIMSTAT) and ICF International.",Children moderately or severely wasted (number) [2.2.2],Number,Thousands,Country Adjusted,74.2,50.8,"Zimbabwe Multiple Indicator  Cluster Survey 2019, Survey Findings Report. Harare, Zimbabwe: ZIMSTAT and UNICEF",Oedema data was not considered in the analysis ,,74.4
2019,3,CA,74.2,50.8,"Zimbabwe Multiple Indicator  Cluster Survey 2019, Survey Findings Report. Harare, Zimbabwe: ZIMSTAT and UNICEF",Children moderately or severely wasted (number) [2.2.2],Number,Thousands,Country Adjusted,74.2,50.8,"Zimbabwe Multiple Indicator  Cluster Survey 2019, Survey Findings Report. Harare, Zimbabwe: ZIMSTAT and UNICEF",Oedema data was not considered in the analysis ,,61.4
2000,0,M,9.3,6,"Source: Joint Child Malnutrition Estimates (2021 Edition), United Nations Children's Fund (UNICEF), World Health Organisation (WHO) and the World Bank Group.",Proportion of children moderately or severely overweight [2.2.2],Percent,Units,Modeled,4.9,2.7,"Source: Joint Child Malnutrition Estimates (2021 Edition), United Nations Children's Fund (UNICEF), World Health Organisation (WHO) and the World Bank Group.","The estimates for the year 2020 do not account for the full impact of COVID-19.  Household survey data on child height and age were not collected in 2020 due to physical distancing policies. One of the covariates used in the country model takes the impact of COVID-19 partially into account. , Figure is a modelled estimate. For primary sources, please refer to the metadata.","Figure is a modelled estimate. For primary sources, please refer to the metadata.",7.5
2001,0,M,9.1,5.9,"Source: Joint Child Malnutrition Estimates (2021 Edition), United Nations Children's Fund (UNICEF), World Health Organisation (WHO) and the World Bank Group.",Proportion of children moderately or severely overweight [2.2.2],Percent,Units,Modeled,4.9,2.7,"Source: Joint Child Malnutrition Estimates (2021 Edition), United Nations Children's Fund (UNICEF), World Health Organisation (WHO) and the World Bank Group.","The estimates for the year 2020 do not account for the full impact of COVID-19.  Household survey data on child height and age were not collected in 2020 due to physical distancing policies. One of the covariates used in the country model takes the impact of COVID-19 partially into account. , Figure is a modelled estimate. For primary sources, please refer to the metadata.","Figure is a modelled estimate. For primary sources, please refer to the metadata.",7.3
2002,0,M,8.8,5.8,"Source: Joint Child Malnutrition Estimates (2021 Edition), United Nations Children's Fund (UNICEF), World Health Organisation (WHO) and the World Bank Group.",Proportion of children moderately or severely overweight [2.2.2],Percent,Units,Modeled,4.9,2.7,"Source: Joint Child Malnutrition Estimates (2021 Edition), United Nations Children's Fund (UNICEF), World Health Organisation (WHO) and the World Bank Group.","The estimates for the year 2020 do not account for the full impact of COVID-19.  Household survey data on child height and age were not collected in 2020 due to physical distancing policies. One of the covariates used in the country model takes the impact of COVID-19 partially into account. , Figure is a modelled estimate. For primary sources, please refer to the metadata.","Figure is a modelled estimate. For primary sources, please refer to the metadata.",7.2
2003,0,M,8.5,5.6,"Source: Joint Child Malnutrition Estimates (2021 Edition), United Nations Children's Fund (UNICEF), World Health Organisation (WHO) and the World Bank Group.",Proportion of children moderately or severely overweight [2.2.2],Percent,Units,Modeled,4.9,2.7,"Source: Joint Child Malnutrition Estimates (2021 Edition), United Nations Children's Fund (UNICEF), World Health Organisation (WHO) and the World Bank Group.","The estimates for the year 2020 do not account for the full impact of COVID-19.  Household survey data on child height and age were not collected in 2020 due to physical distancing policies. One of the covariates used in the country model takes the impact of COVID-19 partially into account. , Figure is a modelled estimate. For primary sources, please refer to the metadata.","Figure is a modelled estimate. For primary sources, please refer to the metadata.",6.9
2004,0,M,8.2,5.5,"Source: Joint Child Malnutrition Estimates (2021 Edition), United Nations Children's Fund (UNICEF), World Health Organisation (WHO) and the World Bank Group.",Proportion of children moderately or severely overweight [2.2.2],Percent,Units,Modeled,4.9,2.7,"Source: Joint Child Malnutrition Estimates (2021 Edition), United Nations Children's Fund (UNICEF), World Health Organisation (WHO) and the World Bank Group.","The estimates for the year 2020 do not account for the full impact of COVID-19.  Household survey data on child height and age were not collected in 2020 due to physical distancing policies. One of the covariates used in the country model takes the impact of COVID-19 partially into account. , Figure is a modelled estimate. For primary sources, please refer to the metadata.","Figure is a modelled estimate. For primary sources, please refer to the metadata.",6.7
2005,0,M,7.9,5.3,"Source: Joint Child Malnutrition Estimates (2021 Edition), United Nations Children's Fund (UNICEF), World Health Organisation (WHO) and the World Bank Group.",Proportion of children moderately or severely overweight [2.2.2],Percent,Units,Modeled,4.9,2.7,"Source: Joint Child Malnutrition Estimates (2021 Edition), United Nations Children's Fund (UNICEF), World Health Organisation (WHO) and the World Bank Group.","The estimates for the year 2020 do not account for the full impact of COVID-19.  Household survey data on child height and age were not collected in 2020 due to physical distancing policies. One of the covariates used in the country model takes the impact of COVID-19 partially into account. , Figure is a modelled estimate. For primary sources, please refer to the metadata.","Figure is a modelled estimate. For primary sources, please refer to the metadata.",6.5
2006,0,M,7.5,5.1,"Source: Joint Child Malnutrition Estimates (2021 Edition), United Nations Children's Fund (UNICEF), World Health Organisation (WHO) and the World Bank Group.",Proportion of children moderately or severely overweight [2.2.2],Percent,Units,Modeled,4.9,2.7,"Source: Joint Child Malnutrition Estimates (2021 Edition), United Nations Children's Fund (UNICEF), World Health Organisation (WHO) and the World Bank Group.","The estimates for the year 2020 do not account for the full impact of COVID-19.  Household survey data on child height and age were not collected in 2020 due to physical distancing policies. One of the covariates used in the country model takes the impact of COVID-19 partially into account. , Figure is a modelled estimate. For primary sources, please refer to the metadata.","Figure is a modelled estimate. For primary sources, please refer to the metadata.",6.2
2007,0,M,7.1,4.9,"Source: Joint Child Malnutrition Estimates (2021 Edition), United Nations Children's Fund (UNICEF), World Health Organisation (WHO) and the World Bank Group.",Proportion of children moderately or severely overweight [2.2.2],Percent,Units,Modeled,4.9,2.7,"Source: Joint Child Malnutrition Estimates (2021 Edition), United Nations Children's Fund (UNICEF), World Health Organisation (WHO) and the World Bank Group.","The estimates for the year 2020 do not account for the full impact of COVID-19.  Household survey data on child height and age were not collected in 2020 due to physical distancing policies. One of the covariates used in the country model takes the impact of COVID-19 partially into account. , Figure is a modelled estimate. For primary sources, please refer to the metadata.","Figure is a modelled estimate. For primary sources, please refer to the metadata.",5.9
2008,0,M,6.8,4.7,"Source: Joint Child Malnutrition Estimates (2021 Edition), United Nations Children's Fund (UNICEF), World Health Organisation (WHO) and the World Bank Group.",Proportion of children moderately or severely overweight [2.2.2],Percent,Units,Modeled,4.9,2.7,"Source: Joint Child Malnutrition Estimates (2021 Edition), United Nations Children's Fund (UNICEF), World Health Organisation (WHO) and the World Bank Group.","The estimates for the year 2020 do not account for the full impact of COVID-19.  Household survey data on child height and age were not collected in 2020 due to physical distancing policies. One of the covariates used in the country model takes the impact of COVID-19 partially into account. , Figure is a modelled estimate. For primary sources, please refer to the metadata.","Figure is a modelled estimate. For primary sources, please refer to the metadata.",5.6
2009,0,M,6.4,4.5,"Source: Joint Child Malnutrition Estimates (2021 Edition), United Nations Children's Fund (UNICEF), World Health Organisation (WHO) and the World Bank Group.",Proportion of children moderately or severely overweight [2.2.2],Percent,Units,Modeled,4.9,2.7,"Source: Joint Child Malnutrition Estimates (2021 Edition), United Nations Children's Fund (UNICEF), World Health Organisation (WHO) and the World Bank Group.","The estimates for the year 2020 do not account for the full impact of COVID-19.  Household survey data on child height and age were not collected in 2020 due to physical distancing policies. One of the covariates used in the country model takes the impact of COVID-19 partially into account. , Figure is a modelled estimate. For primary sources, please refer to the metadata.","Figure is a modelled estimate. For primary sources, please refer to the metadata.",5.4
2010,0,M,6.1,4.3,"Source: Joint Child Malnutrition Estimates (2021 Edition), United Nations Children's Fund (UNICEF), World Health Organisation (WHO) and the World Bank Group.",Proportion of children moderately or severely overweight [2.2.2],Percent,Units,Modeled,4.9,2.7,"Source: Joint Child Malnutrition Estimates (2021 Edition), United Nations Children's Fund (UNICEF), World Health Organisation (WHO) and the World Bank Group.","The estimates for the year 2020 do not account for the full impact of COVID-19.  Household survey data on child height and age were not collected in 2020 due to physical distancing policies. One of the covariates used in the country model takes the impact of COVID-19 partially into account. , Figure is a modelled estimate. For primary sources, please refer to the metadata.","Figure is a modelled estimate. For primary sources, please refer to the metadata.",5.1
2011,0,M,5.9,4.1,"Source: Joint Child Malnutrition Estimates (2021 Edition), United Nations Children's Fund (UNICEF), World Health Organisation (WHO) and the World Bank Group.",Proportion of children moderately or severely overweight [2.2.2],Percent,Units,Modeled,4.9,2.7,"Source: Joint Child Malnutrition Estimates (2021 Edition), United Nations Children's Fund (UNICEF), World Health Organisation (WHO) and the World Bank Group.","The estimates for the year 2020 do not account for the full impact of COVID-19.  Household survey data on child height and age were not collected in 2020 due to physical distancing policies. One of the covariates used in the country model takes the impact of COVID-19 partially into account. , Figure is a modelled estimate. For primary sources, please refer to the metadata.","Figure is a modelled estimate. For primary sources, please refer to the metadata.",4.9
2012,0,M,5.6,3.9,"Source: Joint Child Malnutrition Estimates (2021 Edition), United Nations Children's Fund (UNICEF), World Health Organisation (WHO) and the World Bank Group.",Proportion of children moderately or severely overweight [2.2.2],Percent,Units,Modeled,4.9,2.7,"Source: Joint Child Malnutrition Estimates (2021 Edition), United Nations Children's Fund (UNICEF), World Health Organisation (WHO) and the World Bank Group.","The estimates for the year 2020 do not account for the full impact of COVID-19.  Household survey data on child height and age were not collected in 2020 due to physical distancing policies. One of the covariates used in the country model takes the impact of COVID-19 partially into account. , Figure is a modelled estimate. For primary sources, please refer to the metadata.","Figure is a modelled estimate. For primary sources, please refer to the metadata.",4.7
2013,0,M,5.5,3.7,"Source: Joint Child Malnutrition Estimates (2021 Edition), United Nations Children's Fund (UNICEF), World Health Organisation (WHO) and the World Bank Group.",Proportion of children moderately or severely overweight [2.2.2],Percent,Units,Modeled,4.9,2.7,"Source: Joint Child Malnutrition Estimates (2021 Edition), United Nations Children's Fund (UNICEF), World Health Organisation (WHO) and the World Bank Group.","The estimates for the year 2020 do not account for the full impact of COVID-19.  Household survey data on child height and age were not collected in 2020 due to physical distancing policies. One of the covariates used in the country model takes the impact of COVID-19 partially into account. , Figure is a modelled estimate. For primary sources, please refer to the metadata.","Figure is a modelled estimate. For primary sources, please refer to the metadata.",4.5
2014,0,M,5.3,3.6,"Source: Joint Child Malnutrition Estimates (2021 Edition), United Nations Children's Fund (UNICEF), World Health Organisation (WHO) and the World Bank Group.",Proportion of children moderately or severely overweight [2.2.2],Percent,Units,Modeled,4.9,2.7,"Source: Joint Child Malnutrition Estimates (2021 Edition), United Nations Children's Fund (UNICEF), World Health Organisation (WHO) and the World Bank Group.","The estimates for the year 2020 do not account for the full impact of COVID-19.  Household survey data on child height and age were not collected in 2020 due to physical distancing policies. One of the covariates used in the country model takes the impact of COVID-19 partially into account. , Figure is a modelled estimate. For primary sources, please refer to the metadata.","Figure is a modelled estimate. For primary sources, please refer to the metadata.",4.4
2015,0,M,5.1,3.4,"Source: Joint Child Malnutrition Estimates (2021 Edition), United Nations Children's Fund (UNICEF), World Health Organisation (WHO) and the World Bank Group.",Proportion of children moderately or severely overweight [2.2.2],Percent,Units,Modeled,4.9,2.7,"Source: Joint Child Malnutrition Estimates (2021 Edition), United Nations Children's Fund (UNICEF), World Health Organisation (WHO) and the World Bank Group.","The estimates for the year 2020 do not account for the full impact of COVID-19.  Household survey data on child height and age were not collected in 2020 due to physical distancing policies. One of the covariates used in the country model takes the impact of COVID-19 partially into account. , Figure is a modelled estimate. For primary sources, please refer to the metadata.","Figure is a modelled estimate. For primary sources, please refer to the metadata.",4.2
2016,0,M,5,3.2,"Source: Joint Child Malnutrition Estimates (2021 Edition), United Nations Children's Fund (UNICEF), World Health Organisation (WHO) and the World Bank Group.",Proportion of children moderately or severely overweight [2.2.2],Percent,Units,Modeled,4.9,2.7,"Source: Joint Child Malnutrition Estimates (2021 Edition), United Nations Children's Fund (UNICEF), World Health Organisation (WHO) and the World Bank Group.","The estimates for the year 2020 do not account for the full impact of COVID-19.  Household survey data on child height and age were not collected in 2020 due to physical distancing policies. One of the covariates used in the country model takes the impact of COVID-19 partially into account. , Figure is a modelled estimate. For primary sources, please refer to the metadata.","Figure is a modelled estimate. For primary sources, please refer to the metadata.",4.0
2017,0,M,4.9,3.1,"Source: Joint Child Malnutrition Estimates (2021 Edition), United Nations Children's Fund (UNICEF), World Health Organisation (WHO) and the World Bank Group.",Proportion of children moderately or severely overweight [2.2.2],Percent,Units,Modeled,4.9,2.7,"Source: Joint Child Malnutrition Estimates (2021 Edition), United Nations Children's Fund (UNICEF), World Health Organisation (WHO) and the World Bank Group.","The estimates for the year 2020 do not account for the full impact of COVID-19.  Household survey data on child height and age were not collected in 2020 due to physical distancing policies. One of the covariates used in the country model takes the impact of COVID-19 partially into account. , Figure is a modelled estimate. For primary sources, please refer to the metadata.","Figure is a modelled estimate. For primary sources, please refer to the metadata.",3.9
2018,0,M,4.9,3,"Source: Joint Child Malnutrition Estimates (2021 Edition), United Nations Children's Fund (UNICEF), World Health Organisation (WHO) and the World Bank Group.",Proportion of children moderately or severely overweight [2.2.2],Percent,Units,Modeled,4.9,2.7,"Source: Joint Child Malnutrition Estimates (2021 Edition), United Nations Children's Fund (UNICEF), World Health Organisation (WHO) and the World Bank Group.","The estimates for the year 2020 do not account for the full impact of COVID-19.  Household survey data on child height and age were not collected in 2020 due to physical distancing policies. One of the covariates used in the country model takes the impact of COVID-19 partially into account. , Figure is a modelled estimate. For primary sources, please refer to the metadata.","Figure is a modelled estimate. For primary sources, please refer to the metadata.",3.8
2019,0,M,4.9,2.8,"Source: Joint Child Malnutrition Estimates (2021 Edition), United Nations Children's Fund (UNICEF), World Health Organisation (WHO) and the World Bank Group.",Proportion of children moderately or severely overweight [2.2.2],Percent,Units,Modeled,4.9,2.7,"Source: Joint Child Malnutrition Estimates (2021 Edition), United Nations Children's Fund (UNICEF), World Health Organisation (WHO) and the World Bank Group.","The estimates for the year 2020 do not account for the full impact of COVID-19.  Household survey data on child height and age were not collected in 2020 due to physical distancing policies. One of the covariates used in the country model takes the impact of COVID-19 partially into account. , Figure is a modelled estimate. For primary sources, please refer to the metadata.","Figure is a modelled estimate. For primary sources, please refer to the metadata.",3.7
2020,0,M,4.9,2.7,"Source: Joint Child Malnutrition Estimates (2021 Edition), United Nations Children's Fund (UNICEF), World Health Organisation (WHO) and the World Bank Group.",Proportion of children moderately or severely overweight [2.2.2],Percent,Units,Modeled,4.9,2.7,"Source: Joint Child Malnutrition Estimates (2021 Edition), United Nations Children's Fund (UNICEF), World Health Organisation (WHO) and the World Bank Group.","The estimates for the year 2020 do not account for the full impact of COVID-19.  Household survey data on child height and age were not collected in 2020 due to physical distancing policies. One of the covariates used in the country model takes the impact of COVID-19 partially into account. , Figure is a modelled estimate. For primary sources, please refer to the metadata.","The estimates for the year 2020 do not account for the full impact of COVID-19.  Household survey data on child height and age were not collected in 2020 due to physical distancing policies. One of the covariates used in the country model takes the impact of COVID-19 partially into account. , Figure is a modelled estimate. For primary sources, please refer to the metadata.",3.6
2000,3,M,157.4,100.7,"Source: Joint Child Malnutrition Estimates (2021 Edition), United Nations Children's Fund (UNICEF), World Health Organisation (WHO) and the World Bank Group.",Children moderately or severely overweight (number) [2.2.2],Number,Thousands,Modeled,102,56.1,"Source: Joint Child Malnutrition Estimates (2021 Edition), United Nations Children's Fund (UNICEF), World Health Organisation (WHO) and the World Bank Group.","The estimates for the year 2020 do not account for the full impact of COVID-19.  Household survey data on child height and age were not collected in 2020 due to physical distancing policies. One of the covariates used in the country model takes the impact of COVID-19 partially into account. , Figure is a modelled estimate. For primary sources, please refer to the metadata.","Figure is a modelled estimate. For primary sources, please refer to the metadata.",126.1
2001,3,M,155.6,100.4,"Source: Joint Child Malnutrition Estimates (2021 Edition), United Nations Children's Fund (UNICEF), World Health Organisation (WHO) and the World Bank Group.",Children moderately or severely overweight (number) [2.2.2],Number,Thousands,Modeled,102,56.1,"Source: Joint Child Malnutrition Estimates (2021 Edition), United Nations Children's Fund (UNICEF), World Health Organisation (WHO) and the World Bank Group.","The estimates for the year 2020 do not account for the full impact of COVID-19.  Household survey data on child height and age were not collected in 2020 due to physical distancing policies. One of the covariates used in the country model takes the impact of COVID-19 partially into account. , Figure is a modelled estimate. For primary sources, please refer to the metadata.","Figure is a modelled estimate. For primary sources, please refer to the metadata.",125.2
2002,3,M,152.2,99.2,"Source: Joint Child Malnutrition Estimates (2021 Edition), United Nations Children's Fund (UNICEF), World Health Organisation (WHO) and the World Bank Group.",Children moderately or severely overweight (number) [2.2.2],Number,Thousands,Modeled,102,56.1,"Source: Joint Child Malnutrition Estimates (2021 Edition), United Nations Children's Fund (UNICEF), World Health Organisation (WHO) and the World Bank Group.","The estimates for the year 2020 do not account for the full impact of COVID-19.  Household survey data on child height and age were not collected in 2020 due to physical distancing policies. One of the covariates used in the country model takes the impact of COVID-19 partially into account. , Figure is a modelled estimate. For primary sources, please refer to the metadata.","Figure is a modelled estimate. For primary sources, please refer to the metadata.",123.1
2003,3,M,147.8,97.3,"Source: Joint Child Malnutrition Estimates (2021 Edition), United Nations Children's Fund (UNICEF), World Health Organisation (WHO) and the World Bank Group.",Children moderately or severely overweight (number) [2.2.2],Number,Thousands,Modeled,102,56.1,"Source: Joint Child Malnutrition Estimates (2021 Edition), United Nations Children's Fund (UNICEF), World Health Organisation (WHO) and the World Bank Group.","The estimates for the year 2020 do not account for the full impact of COVID-19.  Household survey data on child height and age were not collected in 2020 due to physical distancing policies. One of the covariates used in the country model takes the impact of COVID-19 partially into account. , Figure is a modelled estimate. For primary sources, please refer to the metadata.","Figure is a modelled estimate. For primary sources, please refer to the metadata.",120.1
2004,3,M,143.3,95.3,"Source: Joint Child Malnutrition Estimates (2021 Edition), United Nations Children's Fund (UNICEF), World Health Organisation (WHO) and the World Bank Group.",Children moderately or severely overweight (number) [2.2.2],Number,Thousands,Modeled,102,56.1,"Source: Joint Child Malnutrition Estimates (2021 Edition), United Nations Children's Fund (UNICEF), World Health Organisation (WHO) and the World Bank Group.","The estimates for the year 2020 do not account for the full impact of COVID-19.  Household survey data on child height and age were not collected in 2020 due to physical distancing policies. One of the covariates used in the country model takes the impact of COVID-19 partially into account. , Figure is a modelled estimate. For primary sources, please refer to the metadata.","Figure is a modelled estimate. For primary sources, please refer to the metadata.",117.0
2005,3,M,139.2,93.6,"Source: Joint Child Malnutrition Estimates (2021 Edition), United Nations Children's Fund (UNICEF), World Health Organisation (WHO) and the World Bank Group.",Children moderately or severely overweight (number) [2.2.2],Number,Thousands,Modeled,102,56.1,"Source: Joint Child Malnutrition Estimates (2021 Edition), United Nations Children's Fund (UNICEF), World Health Organisation (WHO) and the World Bank Group.","The estimates for the year 2020 do not account for the full impact of COVID-19.  Household survey data on child height and age were not collected in 2020 due to physical distancing policies. One of the covariates used in the country model takes the impact of COVID-19 partially into account. , Figure is a modelled estimate. For primary sources, please refer to the metadata.","Figure is a modelled estimate. For primary sources, please refer to the metadata.",114.3
2006,3,M,135.2,91.9,"Source: Joint Child Malnutrition Estimates (2021 Edition), United Nations Children's Fund (UNICEF), World Health Organisation (WHO) and the World Bank Group.",Children moderately or severely overweight (number) [2.2.2],Number,Thousands,Modeled,102,56.1,"Source: Joint Child Malnutrition Estimates (2021 Edition), United Nations Children's Fund (UNICEF), World Health Organisation (WHO) and the World Bank Group.","The estimates for the year 2020 do not account for the full impact of COVID-19.  Household survey data on child height and age were not collected in 2020 due to physical distancing policies. One of the covariates used in the country model takes the impact of COVID-19 partially into account. , Figure is a modelled estimate. For primary sources, please refer to the metadata.","Figure is a modelled estimate. For primary sources, please refer to the metadata.",111.6
2007,3,M,131.4,90.2,"Source: Joint Child Malnutrition Estimates (2021 Edition), United Nations Children's Fund (UNICEF), World Health Organisation (WHO) and the World Bank Group.",Children moderately or severely overweight (number) [2.2.2],Number,Thousands,Modeled,102,56.1,"Source: Joint Child Malnutrition Estimates (2021 Edition), United Nations Children's Fund (UNICEF), World Health Organisation (WHO) and the World Bank Group.","The estimates for the year 2020 do not account for the full impact of COVID-19.  Household survey data on child height and age were not collected in 2020 due to physical distancing policies. One of the covariates used in the country model takes the impact of COVID-19 partially into account. , Figure is a modelled estimate. For primary sources, please refer to the metadata.","Figure is a modelled estimate. For primary sources, please refer to the metadata.",109.0
2008,3,M,127.7,88.3,"Source: Joint Child Malnutrition Estimates (2021 Edition), United Nations Children's Fund (UNICEF), World Health Organisation (WHO) and the World Bank Group.",Children moderately or severely overweight (number) [2.2.2],Number,Thousands,Modeled,102,56.1,"Source: Joint Child Malnutrition Estimates (2021 Edition), United Nations Children's Fund (UNICEF), World Health Organisation (WHO) and the World Bank Group.","The estimates for the year 2020 do not account for the full impact of COVID-19.  Household survey data on child height and age were not collected in 2020 due to physical distancing policies. One of the covariates used in the country model takes the impact of COVID-19 partially into account. , Figure is a modelled estimate. For primary sources, please refer to the metadata.","Figure is a modelled estimate. For primary sources, please refer to the metadata.",106.3
2009,3,M,124.7,86.7,"Source: Joint Child Malnutrition Estimates (2021 Edition), United Nations Children's Fund (UNICEF), World Health Organisation (WHO) and the World Bank Group.",Children moderately or severely overweight (number) [2.2.2],Number,Thousands,Modeled,102,56.1,"Source: Joint Child Malnutrition Estimates (2021 Edition), United Nations Children's Fund (UNICEF), World Health Organisation (WHO) and the World Bank Group.","The estimates for the year 2020 do not account for the full impact of COVID-19.  Household survey data on child height and age were not collected in 2020 due to physical distancing policies. One of the covariates used in the country model takes the impact of COVID-19 partially into account. , Figure is a modelled estimate. For primary sources, please refer to the metadata.","Figure is a modelled estimate. For primary sources, please refer to the metadata.",104.1
2010,3,M,122.5,85.4,"Source: Joint Child Malnutrition Estimates (2021 Edition), United Nations Children's Fund (UNICEF), World Health Organisation (WHO) and the World Bank Group.",Children moderately or severely overweight (number) [2.2.2],Number,Thousands,Modeled,102,56.1,"Source: Joint Child Malnutrition Estimates (2021 Edition), United Nations Children's Fund (UNICEF), World Health Organisation (WHO) and the World Bank Group.","The estimates for the year 2020 do not account for the full impact of COVID-19.  Household survey data on child height and age were not collected in 2020 due to physical distancing policies. One of the covariates used in the country model takes the impact of COVID-19 partially into account. , Figure is a modelled estimate. For primary sources, please refer to the metadata.","Figure is a modelled estimate. For primary sources, please refer to the metadata.",102.4
2011,3,M,121.4,84.6,"Source: Joint Child Malnutrition Estimates (2021 Edition), United Nations Children's Fund (UNICEF), World Health Organisation (WHO) and the World Bank Group.",Children moderately or severely overweight (number) [2.2.2],Number,Thousands,Modeled,102,56.1,"Source: Joint Child Malnutrition Estimates (2021 Edition), United Nations Children's Fund (UNICEF), World Health Organisation (WHO) and the World Bank Group.","The estimates for the year 2020 do not account for the full impact of COVID-19.  Household survey data on child height and age were not collected in 2020 due to physical distancing policies. One of the covariates used in the country model takes the impact of COVID-19 partially into account. , Figure is a modelled estimate. For primary sources, please refer to the metadata.","Figure is a modelled estimate. For primary sources, please refer to the metadata.",101.4
2012,3,M,120.5,83.5,"Source: Joint Child Malnutrition Estimates (2021 Edition), United Nations Children's Fund (UNICEF), World Health Organisation (WHO) and the World Bank Group.",Children moderately or severely overweight (number) [2.2.2],Number,Thousands,Modeled,102,56.1,"Source: Joint Child Malnutrition Estimates (2021 Edition), United Nations Children's Fund (UNICEF), World Health Organisation (WHO) and the World Bank Group.","The estimates for the year 2020 do not account for the full impact of COVID-19.  Household survey data on child height and age were not collected in 2020 due to physical distancing policies. One of the covariates used in the country model takes the impact of COVID-19 partially into account. , Figure is a modelled estimate. For primary sources, please refer to the metadata.","Figure is a modelled estimate. For primary sources, please refer to the metadata.",100.4
2013,3,M,119.6,82.1,"Source: Joint Child Malnutrition Estimates (2021 Edition), United Nations Children's Fund (UNICEF), World Health Organisation (WHO) and the World Bank Group.",Children moderately or severely overweight (number) [2.2.2],Number,Thousands,Modeled,102,56.1,"Source: Joint Child Malnutrition Estimates (2021 Edition), United Nations Children's Fund (UNICEF), World Health Organisation (WHO) and the World Bank Group.","The estimates for the year 2020 do not account for the full impact of COVID-19.  Household survey data on child height and age were not collected in 2020 due to physical distancing policies. One of the covariates used in the country model takes the impact of COVID-19 partially into account. , Figure is a modelled estimate. For primary sources, please refer to the metadata.","Figure is a modelled estimate. For primary sources, please refer to the metadata.",99.2
2014,3,M,118.2,80,"Source: Joint Child Malnutrition Estimates (2021 Edition), United Nations Children's Fund (UNICEF), World Health Organisation (WHO) and the World Bank Group.",Children moderately or severely overweight (number) [2.2.2],Number,Thousands,Modeled,102,56.1,"Source: Joint Child Malnutrition Estimates (2021 Edition), United Nations Children's Fund (UNICEF), World Health Organisation (WHO) and the World Bank Group.","The estimates for the year 2020 do not account for the full impact of COVID-19.  Household survey data on child height and age were not collected in 2020 due to physical distancing policies. One of the covariates used in the country model takes the impact of COVID-19 partially into account. , Figure is a modelled estimate. For primary sources, please refer to the metadata.","Figure is a modelled estimate. For primary sources, please refer to the metadata.",97.3
2015,3,M,116.2,77,"Source: Joint Child Malnutrition Estimates (2021 Edition), United Nations Children's Fund (UNICEF), World Health Organisation (WHO) and the World Bank Group.",Children moderately or severely overweight (number) [2.2.2],Number,Thousands,Modeled,102,56.1,"Source: Joint Child Malnutrition Estimates (2021 Edition), United Nations Children's Fund (UNICEF), World Health Organisation (WHO) and the World Bank Group.","The estimates for the year 2020 do not account for the full impact of COVID-19.  Household survey data on child height and age were not collected in 2020 due to physical distancing policies. One of the covariates used in the country model takes the impact of COVID-19 partially into account. , Figure is a modelled estimate. For primary sources, please refer to the metadata.","Figure is a modelled estimate. For primary sources, please refer to the metadata.",94.7
2016,3,M,114.6,74,"Source: Joint Child Malnutrition Estimates (2021 Edition), United Nations Children's Fund (UNICEF), World Health Organisation (WHO) and the World Bank Group.",Children moderately or severely overweight (number) [2.2.2],Number,Thousands,Modeled,102,56.1,"Source: Joint Child Malnutrition Estimates (2021 Edition), United Nations Children's Fund (UNICEF), World Health Organisation (WHO) and the World Bank Group.","The estimates for the year 2020 do not account for the full impact of COVID-19.  Household survey data on child height and age were not collected in 2020 due to physical distancing policies. One of the covariates used in the country model takes the impact of COVID-19 partially into account. , Figure is a modelled estimate. For primary sources, please refer to the metadata.","Figure is a modelled estimate. For primary sources, please refer to the metadata.",92.2
2017,3,M,111.3,69.7,"Source: Joint Child Malnutrition Estimates (2021 Edition), United Nations Children's Fund (UNICEF), World Health Organisation (WHO) and the World Bank Group.",Children moderately or severely overweight (number) [2.2.2],Number,Thousands,Modeled,102,56.1,"Source: Joint Child Malnutrition Estimates (2021 Edition), United Nations Children's Fund (UNICEF), World Health Organisation (WHO) and the World Bank Group.","The estimates for the year 2020 do not account for the full impact of COVID-19.  Household survey data on child height and age were not collected in 2020 due to physical distancing policies. One of the covariates used in the country model takes the impact of COVID-19 partially into account. , Figure is a modelled estimate. For primary sources, please refer to the metadata.","Figure is a modelled estimate. For primary sources, please refer to the metadata.",88.2
2018,3,M,107.4,64.9,"Source: Joint Child Malnutrition Estimates (2021 Edition), United Nations Children's Fund (UNICEF), World Health Organisation (WHO) and the World Bank Group.",Children moderately or severely overweight (number) [2.2.2],Number,Thousands,Modeled,102,56.1,"Source: Joint Child Malnutrition Estimates (2021 Edition), United Nations Children's Fund (UNICEF), World Health Organisation (WHO) and the World Bank Group.","The estimates for the year 2020 do not account for the full impact of COVID-19.  Household survey data on child height and age were not collected in 2020 due to physical distancing policies. One of the covariates used in the country model takes the impact of COVID-19 partially into account. , Figure is a modelled estimate. For primary sources, please refer to the metadata.","Figure is a modelled estimate. For primary sources, please refer to the metadata.",83.6
2019,3,M,104,60.2,"Source: Joint Child Malnutrition Estimates (2021 Edition), United Nations Children's Fund (UNICEF), World Health Organisation (WHO) and the World Bank Group.",Children moderately or severely overweight (number) [2.2.2],Number,Thousands,Modeled,102,56.1,"Source: Joint Child Malnutrition Estimates (2021 Edition), United Nations Children's Fund (UNICEF), World Health Organisation (WHO) and the World Bank Group.","The estimates for the year 2020 do not account for the full impact of COVID-19.  Household survey data on child height and age were not collected in 2020 due to physical distancing policies. One of the covariates used in the country model takes the impact of COVID-19 partially into account. , Figure is a modelled estimate. For primary sources, please refer to the metadata.","Figure is a modelled estimate. For primary sources, please refer to the metadata.",79.2
2020,3,M,102,56.1,"Source: Joint Child Malnutrition Estimates (2021 Edition), United Nations Children's Fund (UNICEF), World Health Organisation (WHO) and the World Bank Group.",Children moderately or severely overweight (number) [2.2.2],Number,Thousands,Modeled,102,56.1,"Source: Joint Child Malnutrition Estimates (2021 Edition), United Nations Children's Fund (UNICEF), World Health Organisation (WHO) and the World Bank Group.","The estimates for the year 2020 do not account for the full impact of COVID-19.  Household survey data on child height and age were not collected in 2020 due to physical distancing policies. One of the covariates used in the country model takes the impact of COVID-19 partially into account. , Figure is a modelled estimate. For primary sources, please refer to the metadata.","The estimates for the year 2020 do not account for the full impact of COVID-19.  Household survey data on child height and age were not collected in 2020 due to physical distancing policies. One of the covariates used in the country model takes the impact of COVID-19 partially into account. , Figure is a modelled estimate. For primary sources, please refer to the metadata.",75.8
