Year,COMMENT_OBS,SDG Series,Observation-level footnotes,Value
2000,"Commitments;Based on OECD, CRS databased, 2022;Constant 2020 USD million","Total official development assistance to medical research and basic heath sectors, gross disbursement, by recipient countries [3.b.2]","Gross disbursements;Based on OECD, CRS databased, 2022;Constant 2020 USD million",2.67037
2001,"Commitments;Based on OECD, CRS databased, 2022;Constant 2020 USD million","Total official development assistance to medical research and basic heath sectors, gross disbursement, by recipient countries [3.b.2]","Gross disbursements;Based on OECD, CRS databased, 2022;Constant 2020 USD million",3.08981
2002,"Gross disbursements;Based on OECD, CRS databased, 2022;Constant 2020 USD million","Total official development assistance to medical research and basic heath sectors, gross disbursement, by recipient countries [3.b.2]","Gross disbursements;Based on OECD, CRS databased, 2022;Constant 2020 USD million",1.26136
2003,"Gross disbursements;Based on OECD, CRS databased, 2022;Constant 2020 USD million","Total official development assistance to medical research and basic heath sectors, gross disbursement, by recipient countries [3.b.2]","Gross disbursements;Based on OECD, CRS databased, 2022;Constant 2020 USD million",8.96257
2004,"Gross disbursements;Based on OECD, CRS databased, 2022;Constant 2020 USD million","Total official development assistance to medical research and basic heath sectors, gross disbursement, by recipient countries [3.b.2]","Gross disbursements;Based on OECD, CRS databased, 2022;Constant 2020 USD million",3.58784
2005,"Gross disbursements;Based on OECD, CRS databased, 2022;Constant 2020 USD million","Total official development assistance to medical research and basic heath sectors, gross disbursement, by recipient countries [3.b.2]","Gross disbursements;Based on OECD, CRS databased, 2022;Constant 2020 USD million",9.45953
2006,"Gross disbursements;Based on OECD, CRS databased, 2022;Constant 2020 USD million","Total official development assistance to medical research and basic heath sectors, gross disbursement, by recipient countries [3.b.2]","Gross disbursements;Based on OECD, CRS databased, 2022;Constant 2020 USD million",8.16984
2007,"Gross disbursements;Based on OECD, CRS databased, 2022;Constant 2020 USD million","Total official development assistance to medical research and basic heath sectors, gross disbursement, by recipient countries [3.b.2]","Gross disbursements;Based on OECD, CRS databased, 2022;Constant 2020 USD million",50.33311
2008,"Gross disbursements;Based on OECD, CRS databased, 2022;Constant 2020 USD million","Total official development assistance to medical research and basic heath sectors, gross disbursement, by recipient countries [3.b.2]","Gross disbursements;Based on OECD, CRS databased, 2022;Constant 2020 USD million",36.90069
2009,"Gross disbursements;Based on OECD, CRS databased, 2022;Constant 2020 USD million","Total official development assistance to medical research and basic heath sectors, gross disbursement, by recipient countries [3.b.2]","Gross disbursements;Based on OECD, CRS databased, 2022;Constant 2020 USD million",66.11966
2010,"Gross disbursements;Based on OECD, CRS databased, 2022;Constant 2020 USD million","Total official development assistance to medical research and basic heath sectors, gross disbursement, by recipient countries [3.b.2]","Gross disbursements;Based on OECD, CRS databased, 2022;Constant 2020 USD million",92.54277
2011,"Gross disbursements;Based on OECD, CRS databased, 2022;Constant 2020 USD million","Total official development assistance to medical research and basic heath sectors, gross disbursement, by recipient countries [3.b.2]","Gross disbursements;Based on OECD, CRS databased, 2022;Constant 2020 USD million",59.81586
2012,"Gross disbursements;Based on OECD, CRS databased, 2022;Constant 2020 USD million","Total official development assistance to medical research and basic heath sectors, gross disbursement, by recipient countries [3.b.2]","Gross disbursements;Based on OECD, CRS databased, 2022;Constant 2020 USD million",119.0256
2013,"Gross disbursements;Based on OECD, CRS databased, 2022;Constant 2020 USD million","Total official development assistance to medical research and basic heath sectors, gross disbursement, by recipient countries [3.b.2]","Gross disbursements;Based on OECD, CRS databased, 2022;Constant 2020 USD million",88.06283
2014,"Gross disbursements;Based on OECD, CRS databased, 2022;Constant 2020 USD million","Total official development assistance to medical research and basic heath sectors, gross disbursement, by recipient countries [3.b.2]","Gross disbursements;Based on OECD, CRS databased, 2022;Constant 2020 USD million",66.00297
2015,"Gross disbursements;Based on OECD, CRS databased, 2022;Constant 2020 USD million","Total official development assistance to medical research and basic heath sectors, gross disbursement, by recipient countries [3.b.2]","Gross disbursements;Based on OECD, CRS databased, 2022;Constant 2020 USD million",127.05076
2016,"Gross disbursements;Based on OECD, CRS databased, 2022;Constant 2020 USD million","Total official development assistance to medical research and basic heath sectors, gross disbursement, by recipient countries [3.b.2]","Gross disbursements;Based on OECD, CRS databased, 2022;Constant 2020 USD million",85.23222
2017,"Gross disbursements;Based on OECD, CRS databased, 2022;Constant 2020 USD million","Total official development assistance to medical research and basic heath sectors, gross disbursement, by recipient countries [3.b.2]","Gross disbursements;Based on OECD, CRS databased, 2022;Constant 2020 USD million",157.32589
2018,"Gross disbursements;Based on OECD, CRS databased, 2022;Constant 2020 USD million","Total official development assistance to medical research and basic heath sectors, gross disbursement, by recipient countries [3.b.2]","Gross disbursements;Based on OECD, CRS databased, 2022;Constant 2020 USD million",114.24044
2019,"Gross disbursements;Based on OECD, CRS databased, 2022;Constant 2020 USD million","Total official development assistance to medical research and basic heath sectors, gross disbursement, by recipient countries [3.b.2]","Gross disbursements;Based on OECD, CRS databased, 2022;Constant 2020 USD million",121.69095
2020,"Gross disbursements;Based on OECD, CRS databased, 2022;Constant 2020 USD million","Total official development assistance to medical research and basic heath sectors, gross disbursement, by recipient countries [3.b.2]","Gross disbursements;Based on OECD, CRS databased, 2022;Constant 2020 USD million",162.88318
2010,"Net Disbursements;Based on OECD, CRS databased, 2022;Constant 2020 USD million","Total official development assistance to medical research and basic heath sectors, net disbursement, by recipient countries [3.b.2]","Net Disbursements;Based on OECD, CRS databased, 2022;Constant 2020 USD million",90.53607
2011,"Net Disbursements;Based on OECD, CRS databased, 2022;Constant 2020 USD million","Total official development assistance to medical research and basic heath sectors, net disbursement, by recipient countries [3.b.2]","Net Disbursements;Based on OECD, CRS databased, 2022;Constant 2020 USD million",59.81381
2012,"Net Disbursements;Based on OECD, CRS databased, 2022;Constant 2020 USD million","Total official development assistance to medical research and basic heath sectors, net disbursement, by recipient countries [3.b.2]","Net Disbursements;Based on OECD, CRS databased, 2022;Constant 2020 USD million",119.01685
2013,"Net Disbursements;Based on OECD, CRS databased, 2022;Constant 2020 USD million","Total official development assistance to medical research and basic heath sectors, net disbursement, by recipient countries [3.b.2]","Net Disbursements;Based on OECD, CRS databased, 2022;Constant 2020 USD million",87.69421
2014,"Net Disbursements;Based on OECD, CRS databased, 2022;Constant 2020 USD million","Total official development assistance to medical research and basic heath sectors, net disbursement, by recipient countries [3.b.2]","Net Disbursements;Based on OECD, CRS databased, 2022;Constant 2020 USD million",65.98808
2015,"Net Disbursements;Based on OECD, CRS databased, 2022;Constant 2020 USD million","Total official development assistance to medical research and basic heath sectors, net disbursement, by recipient countries [3.b.2]","Net Disbursements;Based on OECD, CRS databased, 2022;Constant 2020 USD million",127.01686
2016,"Net Disbursements;Based on OECD, CRS databased, 2022;Constant 2020 USD million","Total official development assistance to medical research and basic heath sectors, net disbursement, by recipient countries [3.b.2]","Net Disbursements;Based on OECD, CRS databased, 2022;Constant 2020 USD million",84.10712
2017,"Net Disbursements;Based on OECD, CRS databased, 2022;Constant 2020 USD million","Total official development assistance to medical research and basic heath sectors, net disbursement, by recipient countries [3.b.2]","Net Disbursements;Based on OECD, CRS databased, 2022;Constant 2020 USD million",156.47577
2018,"Net Disbursements;Based on OECD, CRS databased, 2022;Constant 2020 USD million","Total official development assistance to medical research and basic heath sectors, net disbursement, by recipient countries [3.b.2]","Net Disbursements;Based on OECD, CRS databased, 2022;Constant 2020 USD million",114.16963
2019,"Net Disbursements;Based on OECD, CRS databased, 2022;Constant 2020 USD million","Total official development assistance to medical research and basic heath sectors, net disbursement, by recipient countries [3.b.2]","Net Disbursements;Based on OECD, CRS databased, 2022;Constant 2020 USD million",119.27846
2020,"Net Disbursements;Based on OECD, CRS databased, 2022;Constant 2020 USD million","Total official development assistance to medical research and basic heath sectors, net disbursement, by recipient countries [3.b.2]","Net Disbursements;Based on OECD, CRS databased, 2022;Constant 2020 USD million",162.13828
