Year,COMMENT_OBS,SOURCE_DETAIL,SDG Series,Sex,Unit of measure,Observation-level footnotes,Source details,Value
2019,Administrative data based on most recent election results (2018). Data cover only election results for contested seats (98% of all positions).,Compiled by UNECA African Centre for Statistics and UN Women,Proportion of elected seats held by women in deliberative bodies of local government [5.5.1],Female,Percent,Administrative data based on most recent election results (2018). Data cover only election results for contested seats (98% of all positions).,Compiled by UNECA African Centre for Statistics and UN Women,12.0
2000,Annual data as of 1 Feb of given year.,"Inter-Parliamentary Union (IPU), the database on Women in National Parliament, accessed February 1 of given year for annual data.",Proportion of seats held by women in national parliaments (% of total number of seats) [5.5.1],Female,Percent,"Lower Chamber or Unicameral, Data valid as of 1 Jan of given year based on the number of seats filled in parliament at the time","Inter-Parliamentary Union (IPU), Parline Database",14.0
2001,Annual data as of 1 Feb of given year.,"Inter-Parliamentary Union (IPU), the database on Women in National Parliament, accessed February 1 of given year for annual data.",Proportion of seats held by women in national parliaments (% of total number of seats) [5.5.1],Female,Percent,"Lower Chamber or Unicameral, Data valid as of 1 Jan of given year based on the number of seats filled in parliament at the time","Inter-Parliamentary Union (IPU), Parline Database",9.33
2002,Annual data as of 1 Feb of given year.,"Inter-Parliamentary Union (IPU), the database on Women in National Parliament, accessed February 1 of given year for annual data.",Proportion of seats held by women in national parliaments (% of total number of seats) [5.5.1],Female,Percent,"Lower Chamber or Unicameral, Data valid as of 1 Jan of given year based on the number of seats filled in parliament at the time","Inter-Parliamentary Union (IPU), Parline Database",10.0
2003,Annual data as of 1 Feb of given year.,"Inter-Parliamentary Union (IPU), the database on Women in National Parliament, accessed February 1 of given year for annual data.",Proportion of seats held by women in national parliaments (% of total number of seats) [5.5.1],Female,Percent,"Lower Chamber or Unicameral, Data valid as of 1 Jan of given year based on the number of seats filled in parliament at the time","Inter-Parliamentary Union (IPU), Parline Database",10.0
2004,Annual data as of 1 Feb of given year.,"Inter-Parliamentary Union (IPU), the database on Women in National Parliament, accessed February 1 of given year for annual data.",Proportion of seats held by women in national parliaments (% of total number of seats) [5.5.1],Female,Percent,"Lower Chamber or Unicameral, Data valid as of 1 Jan of given year based on the number of seats filled in parliament at the time","Inter-Parliamentary Union (IPU), Parline Database",10.0
2005,Annual data as of 1 Feb of given year.,"Inter-Parliamentary Union (IPU), the database on Women in National Parliament, accessed February 1 of given year for annual data.",Proportion of seats held by women in national parliaments (% of total number of seats) [5.5.1],Female,Percent,"Lower Chamber or Unicameral, Data valid as of 1 Jan of given year based on the number of seats filled in parliament at the time","Inter-Parliamentary Union (IPU), Parline Database",10.0
2006,Annual data as of 1 Feb of given year.,"Inter-Parliamentary Union (IPU), the database on Women in National Parliament, accessed February 1 of given year for annual data.",Proportion of seats held by women in national parliaments (% of total number of seats) [5.5.1],Female,Percent,"Lower Chamber or Unicameral, Data valid as of 1 Jan of given year based on the number of seats filled in parliament at the time","Inter-Parliamentary Union (IPU), Parline Database",16.0
2007,Annual data as of 1 Feb of given year.,"Inter-Parliamentary Union (IPU), the database on Women in National Parliament, accessed February 1 of given year for annual data.",Proportion of seats held by women in national parliaments (% of total number of seats) [5.5.1],Female,Percent,"Lower Chamber or Unicameral, Data valid as of 1 Jan of given year based on the number of seats filled in parliament at the time","Inter-Parliamentary Union (IPU), Parline Database",16.67
2008,Annual data as of 1 Feb of given year.,"Inter-Parliamentary Union (IPU), the database on Women in National Parliament, accessed February 1 of given year for annual data.",Proportion of seats held by women in national parliaments (% of total number of seats) [5.5.1],Female,Percent,"Lower Chamber or Unicameral, Data valid as of 1 Jan of given year based on the number of seats filled in parliament at the time","Inter-Parliamentary Union (IPU), Parline Database",16.0
2009,Annual data as of 1 Feb of given year.,"Inter-Parliamentary Union (IPU), the database on Women in National Parliament, accessed February 1 of given year for annual data.",Proportion of seats held by women in national parliaments (% of total number of seats) [5.5.1],Female,Percent,"Lower Chamber or Unicameral, Data valid as of 1 Jan of given year based on the number of seats filled in parliament at the time","Inter-Parliamentary Union (IPU), Parline Database",15.24
2010,Annual data as of 1 Feb of given year.,"Inter-Parliamentary Union (IPU), the database on Women in National Parliament, accessed February 1 of given year for annual data.",Proportion of seats held by women in national parliaments (% of total number of seats) [5.5.1],Female,Percent,"Lower Chamber or Unicameral, Data valid as of 1 Jan of given year based on the number of seats filled in parliament at the time","Inter-Parliamentary Union (IPU), Parline Database",14.95
2011,Annual data as of 1 Feb of given year.,"Inter-Parliamentary Union (IPU), the database on Women in National Parliament, accessed February 1 of given year for annual data.",Proportion of seats held by women in national parliaments (% of total number of seats) [5.5.1],Female,Percent,"Lower Chamber or Unicameral, Data valid as of 1 Jan of given year based on the number of seats filled in parliament at the time","Inter-Parliamentary Union (IPU), Parline Database",14.95
2012,Annual data as of 1 Feb of given year.,"Inter-Parliamentary Union (IPU), the database on Women in National Parliament, accessed February 1 of given year for annual data.",Proportion of seats held by women in national parliaments (% of total number of seats) [5.5.1],Female,Percent,"Lower Chamber or Unicameral, Data valid as of 1 Jan of given year based on the number of seats filled in parliament at the time","Inter-Parliamentary Union (IPU), Parline Database",14.95
2013,Annual data as of 1 Feb of given year.,"Inter-Parliamentary Union (IPU), the database on Women in National Parliament, accessed February 1 of given year for annual data.",Proportion of seats held by women in national parliaments (% of total number of seats) [5.5.1],Female,Percent,"Lower Chamber or Unicameral, Data valid as of 1 Jan of given year based on the number of seats filled in parliament at the time","Inter-Parliamentary Union (IPU), Parline Database",14.95
2014,Annual data as of 1 Feb of given year.,"Inter-Parliamentary Union (IPU), the database on Women in National Parliament, accessed February 1 of given year for annual data.",Proportion of seats held by women in national parliaments (% of total number of seats) [5.5.1],Female,Percent,"Lower Chamber or Unicameral, Data valid as of 1 Jan of given year based on the number of seats filled in parliament at the time","Inter-Parliamentary Union (IPU), Parline Database",31.48
2015,Annual data as of 1 Feb of given year.,"Inter-Parliamentary Union (IPU), the database on Women in National Parliament, accessed February 1 of given year for annual data.",Proportion of seats held by women in national parliaments (% of total number of seats) [5.5.1],Female,Percent,"Lower Chamber or Unicameral, Data valid as of 1 Jan of given year based on the number of seats filled in parliament at the time","Inter-Parliamentary Union (IPU), Parline Database",31.48
2016,Annual data as of 1 Feb of given year.,"Inter-Parliamentary Union (IPU), the database on Women in National Parliament, accessed February 1 of given year for annual data.",Proportion of seats held by women in national parliaments (% of total number of seats) [5.5.1],Female,Percent,"Lower Chamber or Unicameral, Data valid as of 1 Jan of given year based on the number of seats filled in parliament at the time","Inter-Parliamentary Union (IPU), Parline Database",31.48
2017,Annual data as of 1 Feb of given year.,"Inter-Parliamentary Union (IPU), the database on Women in National Parliament, accessed February 1 of given year for annual data.",Proportion of seats held by women in national parliaments (% of total number of seats) [5.5.1],Female,Percent,"Lower Chamber or Unicameral, Data valid as of 1 Jan of given year based on the number of seats filled in parliament at the time","Inter-Parliamentary Union (IPU), Parline Database",32.59
2018,Annual data as of 1 Feb of given year.,"Inter-Parliamentary Union (IPU), the database on Women in National Parliament, accessed February 1 of given year for annual data.",Proportion of seats held by women in national parliaments (% of total number of seats) [5.5.1],Female,Percent,"Lower Chamber or Unicameral, Data valid as of 1 Jan of given year based on the number of seats filled in parliament at the time","Inter-Parliamentary Union (IPU), Parline Database",33.2
2019,Annual data as of 1 Feb of given year.,"Inter-Parliamentary Union (IPU), the database on Women in National Parliament, accessed February 1 of given year for annual data.",Proportion of seats held by women in national parliaments (% of total number of seats) [5.5.1],Female,Percent,"Lower Chamber or Unicameral, Data valid as of 1 Jan of given year based on the number of seats filled in parliament at the time","Inter-Parliamentary Union (IPU), Parline Database",31.85
2020,Data are as at 1 January of reporting year | single or lower chambers of national parliaments.,"Inter-Parliamentary Union (IPU), the database on Women in National Parliament, accessed January 1 of given year for annual data.",Proportion of seats held by women in national parliaments (% of total number of seats) [5.5.1],Female,Percent,"Lower Chamber or Unicameral, Data valid as of 1 Jan of given year based on the number of seats filled in parliament at the time","Inter-Parliamentary Union (IPU), Parline Database",31.85
2021,"Lower Chamber or Unicameral, Data valid as of 1 Jan of given year based on the number of seats filled in parliament at the time","Inter-Parliamentary Union (IPU), Parline Database",Proportion of seats held by women in national parliaments (% of total number of seats) [5.5.1],Female,Percent,"Lower Chamber or Unicameral, Data valid as of 1 Jan of given year based on the number of seats filled in parliament at the time","Inter-Parliamentary Union (IPU), Parline Database",31.85
2022,"Lower Chamber or Unicameral, Data valid as of 1 Jan of given year based on the number of seats filled in parliament at the time","Inter-Parliamentary Union (IPU), Parline Database",Proportion of seats held by women in national parliaments (% of total number of seats) [5.5.1],Female,Percent,"Lower Chamber or Unicameral, Data valid as of 1 Jan of given year based on the number of seats filled in parliament at the time","Inter-Parliamentary Union (IPU), Parline Database",30.57
2000,Annual data as of 1 Feb of given year.,"Inter-Parliamentary Union (IPU), the database on Women in National Parliament, accessed February 1 of given year for annual data.",Number of seats held by women in national parliaments [5.5.1],Female,Number,"Lower Chamber or Unicameral, Data valid as of 1 Jan of given year, figures correspond to the number of seats filled in parliament at the given time.","Inter-Parliamentary Union (IPU), Parline Database",21.0
2001,Annual data as of 1 Feb of given year.,"Inter-Parliamentary Union (IPU), the database on Women in National Parliament, accessed February 1 of given year for annual data.",Number of seats held by women in national parliaments [5.5.1],Female,Number,"Lower Chamber or Unicameral, Data valid as of 1 Jan of given year, figures correspond to the number of seats filled in parliament at the given time.","Inter-Parliamentary Union (IPU), Parline Database",14.0
2002,Annual data as of 1 Feb of given year.,"Inter-Parliamentary Union (IPU), the database on Women in National Parliament, accessed February 1 of given year for annual data.",Number of seats held by women in national parliaments [5.5.1],Female,Number,"Lower Chamber or Unicameral, Data valid as of 1 Jan of given year, figures correspond to the number of seats filled in parliament at the given time.","Inter-Parliamentary Union (IPU), Parline Database",15.0
2003,Annual data as of 1 Feb of given year.,"Inter-Parliamentary Union (IPU), the database on Women in National Parliament, accessed February 1 of given year for annual data.",Number of seats held by women in national parliaments [5.5.1],Female,Number,"Lower Chamber or Unicameral, Data valid as of 1 Jan of given year, figures correspond to the number of seats filled in parliament at the given time.","Inter-Parliamentary Union (IPU), Parline Database",15.0
2004,Annual data as of 1 Feb of given year.,"Inter-Parliamentary Union (IPU), the database on Women in National Parliament, accessed February 1 of given year for annual data.",Number of seats held by women in national parliaments [5.5.1],Female,Number,"Lower Chamber or Unicameral, Data valid as of 1 Jan of given year, figures correspond to the number of seats filled in parliament at the given time.","Inter-Parliamentary Union (IPU), Parline Database",15.0
2005,Annual data as of 1 Feb of given year.,"Inter-Parliamentary Union (IPU), the database on Women in National Parliament, accessed February 1 of given year for annual data.",Number of seats held by women in national parliaments [5.5.1],Female,Number,"Lower Chamber or Unicameral, Data valid as of 1 Jan of given year, figures correspond to the number of seats filled in parliament at the given time.","Inter-Parliamentary Union (IPU), Parline Database",15.0
2006,Annual data as of 1 Feb of given year.,"Inter-Parliamentary Union (IPU), the database on Women in National Parliament, accessed February 1 of given year for annual data.",Number of seats held by women in national parliaments [5.5.1],Female,Number,"Lower Chamber or Unicameral, Data valid as of 1 Jan of given year, figures correspond to the number of seats filled in parliament at the given time.","Inter-Parliamentary Union (IPU), Parline Database",24.0
2007,Annual data as of 1 Feb of given year.,"Inter-Parliamentary Union (IPU), the database on Women in National Parliament, accessed February 1 of given year for annual data.",Number of seats held by women in national parliaments [5.5.1],Female,Number,"Lower Chamber or Unicameral, Data valid as of 1 Jan of given year, figures correspond to the number of seats filled in parliament at the given time.","Inter-Parliamentary Union (IPU), Parline Database",25.0
2008,Annual data as of 1 Feb of given year.,"Inter-Parliamentary Union (IPU), the database on Women in National Parliament, accessed February 1 of given year for annual data.",Number of seats held by women in national parliaments [5.5.1],Female,Number,"Lower Chamber or Unicameral, Data valid as of 1 Jan of given year, figures correspond to the number of seats filled in parliament at the given time.","Inter-Parliamentary Union (IPU), Parline Database",24.0
2009,Annual data as of 1 Feb of given year.,"Inter-Parliamentary Union (IPU), the database on Women in National Parliament, accessed February 1 of given year for annual data.",Number of seats held by women in national parliaments [5.5.1],Female,Number,"Lower Chamber or Unicameral, Data valid as of 1 Jan of given year, figures correspond to the number of seats filled in parliament at the given time.","Inter-Parliamentary Union (IPU), Parline Database",32.0
2010,Annual data as of 1 Feb of given year.,"Inter-Parliamentary Union (IPU), the database on Women in National Parliament, accessed February 1 of given year for annual data.",Number of seats held by women in national parliaments [5.5.1],Female,Number,"Lower Chamber or Unicameral, Data valid as of 1 Jan of given year, figures correspond to the number of seats filled in parliament at the given time.","Inter-Parliamentary Union (IPU), Parline Database",32.0
2011,Annual data as of 1 Feb of given year.,"Inter-Parliamentary Union (IPU), the database on Women in National Parliament, accessed February 1 of given year for annual data.",Number of seats held by women in national parliaments [5.5.1],Female,Number,"Lower Chamber or Unicameral, Data valid as of 1 Jan of given year, figures correspond to the number of seats filled in parliament at the given time.","Inter-Parliamentary Union (IPU), Parline Database",32.0
2012,Annual data as of 1 Feb of given year.,"Inter-Parliamentary Union (IPU), the database on Women in National Parliament, accessed February 1 of given year for annual data.",Number of seats held by women in national parliaments [5.5.1],Female,Number,"Lower Chamber or Unicameral, Data valid as of 1 Jan of given year, figures correspond to the number of seats filled in parliament at the given time.","Inter-Parliamentary Union (IPU), Parline Database",32.0
2013,Annual data as of 1 Feb of given year.,"Inter-Parliamentary Union (IPU), the database on Women in National Parliament, accessed February 1 of given year for annual data.",Number of seats held by women in national parliaments [5.5.1],Female,Number,"Lower Chamber or Unicameral, Data valid as of 1 Jan of given year, figures correspond to the number of seats filled in parliament at the given time.","Inter-Parliamentary Union (IPU), Parline Database",32.0
2014,Annual data as of 1 Feb of given year.,"Inter-Parliamentary Union (IPU), the database on Women in National Parliament, accessed February 1 of given year for annual data.",Number of seats held by women in national parliaments [5.5.1],Female,Number,"Lower Chamber or Unicameral, Data valid as of 1 Jan of given year, figures correspond to the number of seats filled in parliament at the given time.","Inter-Parliamentary Union (IPU), Parline Database",85.0
2015,Annual data as of 1 Feb of given year.,"Inter-Parliamentary Union (IPU), the database on Women in National Parliament, accessed February 1 of given year for annual data.",Number of seats held by women in national parliaments [5.5.1],Female,Number,"Lower Chamber or Unicameral, Data valid as of 1 Jan of given year, figures correspond to the number of seats filled in parliament at the given time.","Inter-Parliamentary Union (IPU), Parline Database",85.0
2016,Annual data as of 1 Feb of given year.,"Inter-Parliamentary Union (IPU), the database on Women in National Parliament, accessed February 1 of given year for annual data.",Number of seats held by women in national parliaments [5.5.1],Female,Number,"Lower Chamber or Unicameral, Data valid as of 1 Jan of given year, figures correspond to the number of seats filled in parliament at the given time.","Inter-Parliamentary Union (IPU), Parline Database",85.0
2017,Annual data as of 1 Feb of given year.,"Inter-Parliamentary Union (IPU), the database on Women in National Parliament, accessed February 1 of given year for annual data.",Number of seats held by women in national parliaments [5.5.1],Female,Number,"Lower Chamber or Unicameral, Data valid as of 1 Jan of given year, figures correspond to the number of seats filled in parliament at the given time.","Inter-Parliamentary Union (IPU), Parline Database",88.0
2018,Annual data as of 1 Feb of given year.,"Inter-Parliamentary Union (IPU), the database on Women in National Parliament, accessed February 1 of given year for annual data.",Number of seats held by women in national parliaments [5.5.1],Female,Number,"Lower Chamber or Unicameral, Data valid as of 1 Jan of given year, figures correspond to the number of seats filled in parliament at the given time.","Inter-Parliamentary Union (IPU), Parline Database",83.0
2019,Annual data as of 1 Feb of given year.,"Inter-Parliamentary Union (IPU), the database on Women in National Parliament, accessed February 1 of given year for annual data.",Number of seats held by women in national parliaments [5.5.1],Female,Number,"Lower Chamber or Unicameral, Data valid as of 1 Jan of given year, figures correspond to the number of seats filled in parliament at the given time.","Inter-Parliamentary Union (IPU), Parline Database",86.0
2020,Data are as at 1 January of reporting year | single or lower chambers of national parliaments.,"Inter-Parliamentary Union (IPU), the database on Women in National Parliament, accessed Jan 1 of given year for annual data.",Number of seats held by women in national parliaments [5.5.1],Female,Number,"Lower Chamber or Unicameral, Data valid as of 1 Jan of given year, figures correspond to the number of seats filled in parliament at the given time.","Inter-Parliamentary Union (IPU), Parline Database",86.0
2021,"Lower Chamber or Unicameral, Data valid as of 1 Jan of given year, figures correspond to the number of seats filled in parliament at the given time.","Inter-Parliamentary Union (IPU), Parline Database",Number of seats held by women in national parliaments [5.5.1],Female,Number,"Lower Chamber or Unicameral, Data valid as of 1 Jan of given year, figures correspond to the number of seats filled in parliament at the given time.","Inter-Parliamentary Union (IPU), Parline Database",86.0
2022,"Lower Chamber or Unicameral, Data valid as of 1 Jan of given year, figures correspond to the number of seats filled in parliament at the given time.","Inter-Parliamentary Union (IPU), Parline Database",Number of seats held by women in national parliaments [5.5.1],Female,Number,"Lower Chamber or Unicameral, Data valid as of 1 Jan of given year, figures correspond to the number of seats filled in parliament at the given time.","Inter-Parliamentary Union (IPU), Parline Database",81.0
2021,"Bicameral: Lower chamber (National Assembly), Data valid as of 1 Jan of given year","Inter-Parliamentary Union (IPU), Parline Database",Current number of seats in national parliaments [5.5.1],,Number,"Bicameral: Lower chamber (National Assembly), Data valid as of 1 Jan of given year","Inter-Parliamentary Union (IPU), Parline Database",270.0
2022,"Bicameral: Lower chamber (National Assembly), Data valid as of 1 Jan of given year","Inter-Parliamentary Union (IPU), Parline Database",Current number of seats in national parliaments [5.5.1],,Number,"Bicameral: Lower chamber (National Assembly), Data valid as of 1 Jan of given year","Inter-Parliamentary Union (IPU), Parline Database",265.0
