Year,NATURE,SOURCE_DETAIL,SDG Series,Composite breakdown,Unit of measure,Nature of data points,Source details,Value
2006,E,Global Surface Water Explorer extraction for UN Environment Programme,Lakes and rivers permanent water area change (%) [6.6.1],,Percent,Estimated,Global Surface Water Explorer extraction for UN Environment Programme,-5.0031
2007,E,Global Surface Water Explorer extraction for UN Environment Programme,Lakes and rivers permanent water area change (%) [6.6.1],,Percent,Estimated,Global Surface Water Explorer extraction for UN Environment Programme,-6.10251
2008,E,Global Surface Water Explorer extraction for UN Environment Programme,Lakes and rivers permanent water area change (%) [6.6.1],,Percent,Estimated,Global Surface Water Explorer extraction for UN Environment Programme,-6.7621
2009,E,Global Surface Water Explorer extraction for UN Environment Programme,Lakes and rivers permanent water area change (%) [6.6.1],,Percent,Estimated,Global Surface Water Explorer extraction for UN Environment Programme,-4.74052
2010,E,Global Surface Water Explorer extraction for UN Environment Programme,Lakes and rivers permanent water area change (%) [6.6.1],,Percent,Estimated,Global Surface Water Explorer extraction for UN Environment Programme,-4.49736
2011,E,Global Surface Water Explorer extraction for UN Environment Programme,Lakes and rivers permanent water area change (%) [6.6.1],,Percent,Estimated,Global Surface Water Explorer extraction for UN Environment Programme,-1.94131
2012,E,Global Surface Water Explorer extraction for UN Environment Programme,Lakes and rivers permanent water area change (%) [6.6.1],,Percent,Estimated,Global Surface Water Explorer extraction for UN Environment Programme,-1.484
2013,E,Global Surface Water Explorer extraction for UN Environment Programme,Lakes and rivers permanent water area change (%) [6.6.1],,Percent,Estimated,Global Surface Water Explorer extraction for UN Environment Programme,-1.18709
2014,E,Global Surface Water Explorer extraction for UN Environment Programme,Lakes and rivers permanent water area change (%) [6.6.1],,Percent,Estimated,Global Surface Water Explorer extraction for UN Environment Programme,-2.05891
2015,E,Global Surface Water Explorer extraction for UN Environment Programme,Lakes and rivers permanent water area change (%) [6.6.1],,Percent,Estimated,Global Surface Water Explorer extraction for UN Environment Programme,-1.47146
2016,E,Global Surface Water Explorer extraction for UN Environment Programme,Lakes and rivers permanent water area change (%) [6.6.1],,Percent,Estimated,Global Surface Water Explorer extraction for UN Environment Programme,-0.55542
2017,E,Global Surface Water Explorer extraction for UN Environment Programme,Lakes and rivers permanent water area change (%) [6.6.1],,Percent,Estimated,Global Surface Water Explorer extraction for UN Environment Programme,-3.20063
2018,E,Global Surface Water Explorer extraction for UN Environment Programme,Lakes and rivers permanent water area change (%) [6.6.1],,Percent,Estimated,Global Surface Water Explorer extraction for UN Environment Programme,0.59629
2019,E,Global Surface Water Explorer extraction for UN Environment Programme,Lakes and rivers permanent water area change (%) [6.6.1],,Percent,Estimated,Global Surface Water Explorer extraction for UN Environment Programme,1.95964
2020,E,Global Surface Water Explorer extraction for UN Environment Programme,Lakes and rivers permanent water area change (%) [6.6.1],,Percent,Estimated,Global Surface Water Explorer extraction for UN Environment Programme,-1.07273
2021,E,Global Surface Water Explorer extraction for UN Environment Programme,Lakes and rivers permanent water area change (%) [6.6.1],,Percent,Estimated,Global Surface Water Explorer extraction for UN Environment Programme,-5.60474
2000,E,Global Surface Water Explorer extraction for UN Environment Programme,Lakes and rivers permanent water area (square kilometres) [6.6.1],,Square kilometers,Estimated,Global Surface Water Explorer extraction for UN Environment Programme,306.71714
2001,E,Global Surface Water Explorer extraction for UN Environment Programme,Lakes and rivers permanent water area (square kilometres) [6.6.1],,Square kilometers,Estimated,Global Surface Water Explorer extraction for UN Environment Programme,353.68048
2002,E,Global Surface Water Explorer extraction for UN Environment Programme,Lakes and rivers permanent water area (square kilometres) [6.6.1],,Square kilometers,Estimated,Global Surface Water Explorer extraction for UN Environment Programme,400.5329
2003,E,Global Surface Water Explorer extraction for UN Environment Programme,Lakes and rivers permanent water area (square kilometres) [6.6.1],,Square kilometers,Estimated,Global Surface Water Explorer extraction for UN Environment Programme,403.24594
2004,E,Global Surface Water Explorer extraction for UN Environment Programme,Lakes and rivers permanent water area (square kilometres) [6.6.1],,Square kilometers,Estimated,Global Surface Water Explorer extraction for UN Environment Programme,403.41086
2005,E,Global Surface Water Explorer extraction for UN Environment Programme,Lakes and rivers permanent water area (square kilometres) [6.6.1],,Square kilometers,Estimated,Global Surface Water Explorer extraction for UN Environment Programme,401.65508
2006,E,Global Surface Water Explorer extraction for UN Environment Programme,Lakes and rivers permanent water area (square kilometres) [6.6.1],,Square kilometers,Estimated,Global Surface Water Explorer extraction for UN Environment Programme,381.55988
2007,E,Global Surface Water Explorer extraction for UN Environment Programme,Lakes and rivers permanent water area (square kilometres) [6.6.1],,Square kilometers,Estimated,Global Surface Water Explorer extraction for UN Environment Programme,377.14404
2008,E,Global Surface Water Explorer extraction for UN Environment Programme,Lakes and rivers permanent water area (square kilometres) [6.6.1],,Square kilometers,Estimated,Global Surface Water Explorer extraction for UN Environment Programme,374.49477
2009,E,Global Surface Water Explorer extraction for UN Environment Programme,Lakes and rivers permanent water area (square kilometres) [6.6.1],,Square kilometers,Estimated,Global Surface Water Explorer extraction for UN Environment Programme,382.61454
2010,E,Global Surface Water Explorer extraction for UN Environment Programme,Lakes and rivers permanent water area (square kilometres) [6.6.1],,Square kilometers,Estimated,Global Surface Water Explorer extraction for UN Environment Programme,383.5912
2011,E,Global Surface Water Explorer extraction for UN Environment Programme,Lakes and rivers permanent water area (square kilometres) [6.6.1],,Square kilometers,Estimated,Global Surface Water Explorer extraction for UN Environment Programme,393.85773
2012,E,Global Surface Water Explorer extraction for UN Environment Programme,Lakes and rivers permanent water area (square kilometres) [6.6.1],,Square kilometers,Estimated,Global Surface Water Explorer extraction for UN Environment Programme,395.69453
2013,E,Global Surface Water Explorer extraction for UN Environment Programme,Lakes and rivers permanent water area (square kilometres) [6.6.1],,Square kilometers,Estimated,Global Surface Water Explorer extraction for UN Environment Programme,396.88708
2014,E,Global Surface Water Explorer extraction for UN Environment Programme,Lakes and rivers permanent water area (square kilometres) [6.6.1],,Square kilometers,Estimated,Global Surface Water Explorer extraction for UN Environment Programme,393.38537
2015,E,Global Surface Water Explorer extraction for UN Environment Programme,Lakes and rivers permanent water area (square kilometres) [6.6.1],,Square kilometers,Estimated,Global Surface Water Explorer extraction for UN Environment Programme,395.7449
2016,E,Global Surface Water Explorer extraction for UN Environment Programme,Lakes and rivers permanent water area (square kilometres) [6.6.1],,Square kilometers,Estimated,Global Surface Water Explorer extraction for UN Environment Programme,399.42421
2017,E,Global Surface Water Explorer extraction for UN Environment Programme,Lakes and rivers permanent water area (square kilometres) [6.6.1],,Square kilometers,Estimated,Global Surface Water Explorer extraction for UN Environment Programme,388.79959
2018,E,Global Surface Water Explorer extraction for UN Environment Programme,Lakes and rivers permanent water area (square kilometres) [6.6.1],,Square kilometers,Estimated,Global Surface Water Explorer extraction for UN Environment Programme,404.05011
2019,E,Global Surface Water Explorer extraction for UN Environment Programme,Lakes and rivers permanent water area (square kilometres) [6.6.1],,Square kilometers,Estimated,Global Surface Water Explorer extraction for UN Environment Programme,409.52608
2020,E,Global Surface Water Explorer extraction for UN Environment Programme,Lakes and rivers permanent water area (square kilometres) [6.6.1],,Square kilometers,Estimated,Global Surface Water Explorer extraction for UN Environment Programme,397.3464
2021,E,Global Surface Water Explorer extraction for UN Environment Programme,Lakes and rivers permanent water area (square kilometres) [6.6.1],,Square kilometers,Estimated,Global Surface Water Explorer extraction for UN Environment Programme,379.14334
2000,E,Global Surface Water Explorer extraction for UN Environment Programme,Lakes and rivers permanent water area (% of total land area) [6.6.1],,Percent,Estimated,Global Surface Water Explorer extraction for UN Environment Programme,0.00079
2001,E,Global Surface Water Explorer extraction for UN Environment Programme,Lakes and rivers permanent water area (% of total land area) [6.6.1],,Percent,Estimated,Global Surface Water Explorer extraction for UN Environment Programme,0.00091
2002,E,Global Surface Water Explorer extraction for UN Environment Programme,Lakes and rivers permanent water area (% of total land area) [6.6.1],,Percent,Estimated,Global Surface Water Explorer extraction for UN Environment Programme,0.00104
2003,E,Global Surface Water Explorer extraction for UN Environment Programme,Lakes and rivers permanent water area (% of total land area) [6.6.1],,Percent,Estimated,Global Surface Water Explorer extraction for UN Environment Programme,0.00104
2004,E,Global Surface Water Explorer extraction for UN Environment Programme,Lakes and rivers permanent water area (% of total land area) [6.6.1],,Percent,Estimated,Global Surface Water Explorer extraction for UN Environment Programme,0.00104
2005,E,Global Surface Water Explorer extraction for UN Environment Programme,Lakes and rivers permanent water area (% of total land area) [6.6.1],,Percent,Estimated,Global Surface Water Explorer extraction for UN Environment Programme,0.00104
2006,E,Global Surface Water Explorer extraction for UN Environment Programme,Lakes and rivers permanent water area (% of total land area) [6.6.1],,Percent,Estimated,Global Surface Water Explorer extraction for UN Environment Programme,0.00099
2007,E,Global Surface Water Explorer extraction for UN Environment Programme,Lakes and rivers permanent water area (% of total land area) [6.6.1],,Percent,Estimated,Global Surface Water Explorer extraction for UN Environment Programme,0.00097
2008,E,Global Surface Water Explorer extraction for UN Environment Programme,Lakes and rivers permanent water area (% of total land area) [6.6.1],,Percent,Estimated,Global Surface Water Explorer extraction for UN Environment Programme,0.00097
2009,E,Global Surface Water Explorer extraction for UN Environment Programme,Lakes and rivers permanent water area (% of total land area) [6.6.1],,Percent,Estimated,Global Surface Water Explorer extraction for UN Environment Programme,0.00099
2010,E,Global Surface Water Explorer extraction for UN Environment Programme,Lakes and rivers permanent water area (% of total land area) [6.6.1],,Percent,Estimated,Global Surface Water Explorer extraction for UN Environment Programme,0.00099
2011,E,Global Surface Water Explorer extraction for UN Environment Programme,Lakes and rivers permanent water area (% of total land area) [6.6.1],,Percent,Estimated,Global Surface Water Explorer extraction for UN Environment Programme,0.00102
2012,E,Global Surface Water Explorer extraction for UN Environment Programme,Lakes and rivers permanent water area (% of total land area) [6.6.1],,Percent,Estimated,Global Surface Water Explorer extraction for UN Environment Programme,0.00102
2013,E,Global Surface Water Explorer extraction for UN Environment Programme,Lakes and rivers permanent water area (% of total land area) [6.6.1],,Percent,Estimated,Global Surface Water Explorer extraction for UN Environment Programme,0.00103
2014,E,Global Surface Water Explorer extraction for UN Environment Programme,Lakes and rivers permanent water area (% of total land area) [6.6.1],,Percent,Estimated,Global Surface Water Explorer extraction for UN Environment Programme,0.00102
2015,E,Global Surface Water Explorer extraction for UN Environment Programme,Lakes and rivers permanent water area (% of total land area) [6.6.1],,Percent,Estimated,Global Surface Water Explorer extraction for UN Environment Programme,0.00102
2016,E,Global Surface Water Explorer extraction for UN Environment Programme,Lakes and rivers permanent water area (% of total land area) [6.6.1],,Percent,Estimated,Global Surface Water Explorer extraction for UN Environment Programme,0.00103
2017,E,Global Surface Water Explorer extraction for UN Environment Programme,Lakes and rivers permanent water area (% of total land area) [6.6.1],,Percent,Estimated,Global Surface Water Explorer extraction for UN Environment Programme,0.00101
2018,E,Global Surface Water Explorer extraction for UN Environment Programme,Lakes and rivers permanent water area (% of total land area) [6.6.1],,Percent,Estimated,Global Surface Water Explorer extraction for UN Environment Programme,0.00104
2019,E,Global Surface Water Explorer extraction for UN Environment Programme,Lakes and rivers permanent water area (% of total land area) [6.6.1],,Percent,Estimated,Global Surface Water Explorer extraction for UN Environment Programme,0.00106
2020,E,Global Surface Water Explorer extraction for UN Environment Programme,Lakes and rivers permanent water area (% of total land area) [6.6.1],,Percent,Estimated,Global Surface Water Explorer extraction for UN Environment Programme,0.00103
2021,E,Global Surface Water Explorer extraction for UN Environment Programme,Lakes and rivers permanent water area (% of total land area) [6.6.1],,Percent,Estimated,Global Surface Water Explorer extraction for UN Environment Programme,0.00098
2006,E,Global Surface Water Explorer extraction for UN Environment Programme,Lakes and rivers seasonal water area change (%) [6.6.1],,Percent,Estimated,Global Surface Water Explorer extraction for UN Environment Programme,-5.91898
2007,E,Global Surface Water Explorer extraction for UN Environment Programme,Lakes and rivers seasonal water area change (%) [6.6.1],,Percent,Estimated,Global Surface Water Explorer extraction for UN Environment Programme,-7.8756
2008,E,Global Surface Water Explorer extraction for UN Environment Programme,Lakes and rivers seasonal water area change (%) [6.6.1],,Percent,Estimated,Global Surface Water Explorer extraction for UN Environment Programme,-8.68946
2009,E,Global Surface Water Explorer extraction for UN Environment Programme,Lakes and rivers seasonal water area change (%) [6.6.1],,Percent,Estimated,Global Surface Water Explorer extraction for UN Environment Programme,-5.61542
2010,E,Global Surface Water Explorer extraction for UN Environment Programme,Lakes and rivers seasonal water area change (%) [6.6.1],,Percent,Estimated,Global Surface Water Explorer extraction for UN Environment Programme,-7.00185
2011,E,Global Surface Water Explorer extraction for UN Environment Programme,Lakes and rivers seasonal water area change (%) [6.6.1],,Percent,Estimated,Global Surface Water Explorer extraction for UN Environment Programme,-3.7043
2012,E,Global Surface Water Explorer extraction for UN Environment Programme,Lakes and rivers seasonal water area change (%) [6.6.1],,Percent,Estimated,Global Surface Water Explorer extraction for UN Environment Programme,-6.0757
2013,E,Global Surface Water Explorer extraction for UN Environment Programme,Lakes and rivers seasonal water area change (%) [6.6.1],,Percent,Estimated,Global Surface Water Explorer extraction for UN Environment Programme,-8.91508
2014,E,Global Surface Water Explorer extraction for UN Environment Programme,Lakes and rivers seasonal water area change (%) [6.6.1],,Percent,Estimated,Global Surface Water Explorer extraction for UN Environment Programme,-12.1912
2015,E,Global Surface Water Explorer extraction for UN Environment Programme,Lakes and rivers seasonal water area change (%) [6.6.1],,Percent,Estimated,Global Surface Water Explorer extraction for UN Environment Programme,-8.82348
2016,E,Global Surface Water Explorer extraction for UN Environment Programme,Lakes and rivers seasonal water area change (%) [6.6.1],,Percent,Estimated,Global Surface Water Explorer extraction for UN Environment Programme,-8.24017
2017,E,Global Surface Water Explorer extraction for UN Environment Programme,Lakes and rivers seasonal water area change (%) [6.6.1],,Percent,Estimated,Global Surface Water Explorer extraction for UN Environment Programme,-5.25423
2018,E,Global Surface Water Explorer extraction for UN Environment Programme,Lakes and rivers seasonal water area change (%) [6.6.1],,Percent,Estimated,Global Surface Water Explorer extraction for UN Environment Programme,5.79078
2019,E,Global Surface Water Explorer extraction for UN Environment Programme,Lakes and rivers seasonal water area change (%) [6.6.1],,Percent,Estimated,Global Surface Water Explorer extraction for UN Environment Programme,12.15787
2020,E,Global Surface Water Explorer extraction for UN Environment Programme,Lakes and rivers seasonal water area change (%) [6.6.1],,Percent,Estimated,Global Surface Water Explorer extraction for UN Environment Programme,10.7181
2021,E,Global Surface Water Explorer extraction for UN Environment Programme,Lakes and rivers seasonal water area change (%) [6.6.1],,Percent,Estimated,Global Surface Water Explorer extraction for UN Environment Programme,14.60142
2000,E,Global Surface Water Explorer extraction for UN Environment Programme,Lakes and rivers seasonal water area (square kilometres) [6.6.1],,Square kilometers,Estimated,Global Surface Water Explorer extraction for UN Environment Programme,261.62695
2001,E,Global Surface Water Explorer extraction for UN Environment Programme,Lakes and rivers seasonal water area (square kilometres) [6.6.1],,Square kilometers,Estimated,Global Surface Water Explorer extraction for UN Environment Programme,303.11861
2002,E,Global Surface Water Explorer extraction for UN Environment Programme,Lakes and rivers seasonal water area (square kilometres) [6.6.1],,Square kilometers,Estimated,Global Surface Water Explorer extraction for UN Environment Programme,379.9111
2003,E,Global Surface Water Explorer extraction for UN Environment Programme,Lakes and rivers seasonal water area (square kilometres) [6.6.1],,Square kilometers,Estimated,Global Surface Water Explorer extraction for UN Environment Programme,384.88511
2004,E,Global Surface Water Explorer extraction for UN Environment Programme,Lakes and rivers seasonal water area (square kilometres) [6.6.1],,Square kilometers,Estimated,Global Surface Water Explorer extraction for UN Environment Programme,383.42272
2005,E,Global Surface Water Explorer extraction for UN Environment Programme,Lakes and rivers seasonal water area (square kilometres) [6.6.1],,Square kilometers,Estimated,Global Surface Water Explorer extraction for UN Environment Programme,409.17645
2006,E,Global Surface Water Explorer extraction for UN Environment Programme,Lakes and rivers seasonal water area (square kilometres) [6.6.1],,Square kilometers,Estimated,Global Surface Water Explorer extraction for UN Environment Programme,384.95738
2007,E,Global Surface Water Explorer extraction for UN Environment Programme,Lakes and rivers seasonal water area (square kilometres) [6.6.1],,Square kilometers,Estimated,Global Surface Water Explorer extraction for UN Environment Programme,376.95136
2008,E,Global Surface Water Explorer extraction for UN Environment Programme,Lakes and rivers seasonal water area (square kilometres) [6.6.1],,Square kilometers,Estimated,Global Surface Water Explorer extraction for UN Environment Programme,373.62121
2009,E,Global Surface Water Explorer extraction for UN Environment Programme,Lakes and rivers seasonal water area (square kilometres) [6.6.1],,Square kilometers,Estimated,Global Surface Water Explorer extraction for UN Environment Programme,386.19947
2010,E,Global Surface Water Explorer extraction for UN Environment Programme,Lakes and rivers seasonal water area (square kilometres) [6.6.1],,Square kilometers,Estimated,Global Surface Water Explorer extraction for UN Environment Programme,380.52653
2011,E,Global Surface Water Explorer extraction for UN Environment Programme,Lakes and rivers seasonal water area (square kilometres) [6.6.1],,Square kilometers,Estimated,Global Surface Water Explorer extraction for UN Environment Programme,394.01933
2012,E,Global Surface Water Explorer extraction for UN Environment Programme,Lakes and rivers seasonal water area (square kilometres) [6.6.1],,Square kilometers,Estimated,Global Surface Water Explorer extraction for UN Environment Programme,384.31612
2013,E,Global Surface Water Explorer extraction for UN Environment Programme,Lakes and rivers seasonal water area (square kilometres) [6.6.1],,Square kilometers,Estimated,Global Surface Water Explorer extraction for UN Environment Programme,372.69803
2014,E,Global Surface Water Explorer extraction for UN Environment Programme,Lakes and rivers seasonal water area (square kilometres) [6.6.1],,Square kilometers,Estimated,Global Surface Water Explorer extraction for UN Environment Programme,359.29294
2015,E,Global Surface Water Explorer extraction for UN Environment Programme,Lakes and rivers seasonal water area (square kilometres) [6.6.1],,Square kilometers,Estimated,Global Surface Water Explorer extraction for UN Environment Programme,373.07285
2016,E,Global Surface Water Explorer extraction for UN Environment Programme,Lakes and rivers seasonal water area (square kilometres) [6.6.1],,Square kilometers,Estimated,Global Surface Water Explorer extraction for UN Environment Programme,375.45962
2017,E,Global Surface Water Explorer extraction for UN Environment Programme,Lakes and rivers seasonal water area (square kilometres) [6.6.1],,Square kilometers,Estimated,Global Surface Water Explorer extraction for UN Environment Programme,387.67735
2018,E,Global Surface Water Explorer extraction for UN Environment Programme,Lakes and rivers seasonal water area (square kilometres) [6.6.1],,Square kilometers,Estimated,Global Surface Water Explorer extraction for UN Environment Programme,432.87094
2019,E,Global Surface Water Explorer extraction for UN Environment Programme,Lakes and rivers seasonal water area (square kilometres) [6.6.1],,Square kilometers,Estimated,Global Surface Water Explorer extraction for UN Environment Programme,458.92359
2020,E,Global Surface Water Explorer extraction for UN Environment Programme,Lakes and rivers seasonal water area (square kilometres) [6.6.1],,Square kilometers,Estimated,Global Surface Water Explorer extraction for UN Environment Programme,453.0324
2021,E,Global Surface Water Explorer extraction for UN Environment Programme,Lakes and rivers seasonal water area (square kilometres) [6.6.1],,Square kilometers,Estimated,Global Surface Water Explorer extraction for UN Environment Programme,468.92203
2000,E,Global Surface Water Explorer extraction for UN Environment Programme,Lakes and rivers seasonal water area (% of total land area) [6.6.1],,Percent,Estimated,Global Surface Water Explorer extraction for UN Environment Programme,0.00068
2001,E,Global Surface Water Explorer extraction for UN Environment Programme,Lakes and rivers seasonal water area (% of total land area) [6.6.1],,Percent,Estimated,Global Surface Water Explorer extraction for UN Environment Programme,0.00078
2002,E,Global Surface Water Explorer extraction for UN Environment Programme,Lakes and rivers seasonal water area (% of total land area) [6.6.1],,Percent,Estimated,Global Surface Water Explorer extraction for UN Environment Programme,0.00098
2003,E,Global Surface Water Explorer extraction for UN Environment Programme,Lakes and rivers seasonal water area (% of total land area) [6.6.1],,Percent,Estimated,Global Surface Water Explorer extraction for UN Environment Programme,0.00099
2004,E,Global Surface Water Explorer extraction for UN Environment Programme,Lakes and rivers seasonal water area (% of total land area) [6.6.1],,Percent,Estimated,Global Surface Water Explorer extraction for UN Environment Programme,0.00099
2005,E,Global Surface Water Explorer extraction for UN Environment Programme,Lakes and rivers seasonal water area (% of total land area) [6.6.1],,Percent,Estimated,Global Surface Water Explorer extraction for UN Environment Programme,0.00106
2006,E,Global Surface Water Explorer extraction for UN Environment Programme,Lakes and rivers seasonal water area (% of total land area) [6.6.1],,Percent,Estimated,Global Surface Water Explorer extraction for UN Environment Programme,0.001
2007,E,Global Surface Water Explorer extraction for UN Environment Programme,Lakes and rivers seasonal water area (% of total land area) [6.6.1],,Percent,Estimated,Global Surface Water Explorer extraction for UN Environment Programme,0.00097
2008,E,Global Surface Water Explorer extraction for UN Environment Programme,Lakes and rivers seasonal water area (% of total land area) [6.6.1],,Percent,Estimated,Global Surface Water Explorer extraction for UN Environment Programme,0.00097
2009,E,Global Surface Water Explorer extraction for UN Environment Programme,Lakes and rivers seasonal water area (% of total land area) [6.6.1],,Percent,Estimated,Global Surface Water Explorer extraction for UN Environment Programme,0.001
2010,E,Global Surface Water Explorer extraction for UN Environment Programme,Lakes and rivers seasonal water area (% of total land area) [6.6.1],,Percent,Estimated,Global Surface Water Explorer extraction for UN Environment Programme,0.00098
2011,E,Global Surface Water Explorer extraction for UN Environment Programme,Lakes and rivers seasonal water area (% of total land area) [6.6.1],,Percent,Estimated,Global Surface Water Explorer extraction for UN Environment Programme,0.00102
2012,E,Global Surface Water Explorer extraction for UN Environment Programme,Lakes and rivers seasonal water area (% of total land area) [6.6.1],,Percent,Estimated,Global Surface Water Explorer extraction for UN Environment Programme,0.00099
2013,E,Global Surface Water Explorer extraction for UN Environment Programme,Lakes and rivers seasonal water area (% of total land area) [6.6.1],,Percent,Estimated,Global Surface Water Explorer extraction for UN Environment Programme,0.00096
2014,E,Global Surface Water Explorer extraction for UN Environment Programme,Lakes and rivers seasonal water area (% of total land area) [6.6.1],,Percent,Estimated,Global Surface Water Explorer extraction for UN Environment Programme,0.00093
2015,E,Global Surface Water Explorer extraction for UN Environment Programme,Lakes and rivers seasonal water area (% of total land area) [6.6.1],,Percent,Estimated,Global Surface Water Explorer extraction for UN Environment Programme,0.00096
2016,E,Global Surface Water Explorer extraction for UN Environment Programme,Lakes and rivers seasonal water area (% of total land area) [6.6.1],,Percent,Estimated,Global Surface Water Explorer extraction for UN Environment Programme,0.00097
2017,E,Global Surface Water Explorer extraction for UN Environment Programme,Lakes and rivers seasonal water area (% of total land area) [6.6.1],,Percent,Estimated,Global Surface Water Explorer extraction for UN Environment Programme,0.001
2018,E,Global Surface Water Explorer extraction for UN Environment Programme,Lakes and rivers seasonal water area (% of total land area) [6.6.1],,Percent,Estimated,Global Surface Water Explorer extraction for UN Environment Programme,0.00112
2019,E,Global Surface Water Explorer extraction for UN Environment Programme,Lakes and rivers seasonal water area (% of total land area) [6.6.1],,Percent,Estimated,Global Surface Water Explorer extraction for UN Environment Programme,0.00119
2020,E,Global Surface Water Explorer extraction for UN Environment Programme,Lakes and rivers seasonal water area (% of total land area) [6.6.1],,Percent,Estimated,Global Surface Water Explorer extraction for UN Environment Programme,0.00117
2021,E,Global Surface Water Explorer extraction for UN Environment Programme,Lakes and rivers seasonal water area (% of total land area) [6.6.1],,Percent,Estimated,Global Surface Water Explorer extraction for UN Environment Programme,0.00121
2017,E,Global Surface Water Explorer extraction for UN Environment Programme,Lake water quality turbidity (%) [6.6.1],Deviation Level: Extreme (75-100%),Percent,Estimated,Global Surface Water Explorer extraction for UN Environment Programme,10.12112
2018,E,Global Surface Water Explorer extraction for UN Environment Programme,Lake water quality turbidity (%) [6.6.1],Deviation Level: Extreme (75-100%),Percent,Estimated,Global Surface Water Explorer extraction for UN Environment Programme,4.25817
2019,E,Global Surface Water Explorer extraction for UN Environment Programme,Lake water quality turbidity (%) [6.6.1],Deviation Level: Extreme (75-100%),Percent,Estimated,Global Surface Water Explorer extraction for UN Environment Programme,17.09626
2020,E,Global Surface Water Explorer extraction for UN Environment Programme,Lake water quality turbidity (%) [6.6.1],Deviation Level: Extreme (75-100%),Percent,Estimated,Global Surface Water Explorer extraction for UN Environment Programme,16.44568
2017,E,Global Surface Water Explorer extraction for UN Environment Programme,Lake water quality turbidity (%) [6.6.1],Deviation Level: High (50-75%),Percent,Estimated,Global Surface Water Explorer extraction for UN Environment Programme,14.57652
2018,E,Global Surface Water Explorer extraction for UN Environment Programme,Lake water quality turbidity (%) [6.6.1],Deviation Level: High (50-75%),Percent,Estimated,Global Surface Water Explorer extraction for UN Environment Programme,6.21427
2019,E,Global Surface Water Explorer extraction for UN Environment Programme,Lake water quality turbidity (%) [6.6.1],Deviation Level: High (50-75%),Percent,Estimated,Global Surface Water Explorer extraction for UN Environment Programme,14.8818
2020,E,Global Surface Water Explorer extraction for UN Environment Programme,Lake water quality turbidity (%) [6.6.1],Deviation Level: High (50-75%),Percent,Estimated,Global Surface Water Explorer extraction for UN Environment Programme,20.23636
2017,E,Global Surface Water Explorer extraction for UN Environment Programme,Lake water quality turbidity (%) [6.6.1],Deviation Level: Low (0-25%),Percent,Estimated,Global Surface Water Explorer extraction for UN Environment Programme,50.30659
2018,E,Global Surface Water Explorer extraction for UN Environment Programme,Lake water quality turbidity (%) [6.6.1],Deviation Level: Low (0-25%),Percent,Estimated,Global Surface Water Explorer extraction for UN Environment Programme,73.96845
2019,E,Global Surface Water Explorer extraction for UN Environment Programme,Lake water quality turbidity (%) [6.6.1],Deviation Level: Low (0-25%),Percent,Estimated,Global Surface Water Explorer extraction for UN Environment Programme,53.00801
2020,E,Global Surface Water Explorer extraction for UN Environment Programme,Lake water quality turbidity (%) [6.6.1],Deviation Level: Low (0-25%),Percent,Estimated,Global Surface Water Explorer extraction for UN Environment Programme,39.74105
2017,E,Global Surface Water Explorer extraction for UN Environment Programme,Lake water quality turbidity (%) [6.6.1],Deviation Level: Medium (25-50%),Percent,Estimated,Global Surface Water Explorer extraction for UN Environment Programme,24.99577
2018,E,Global Surface Water Explorer extraction for UN Environment Programme,Lake water quality turbidity (%) [6.6.1],Deviation Level: Medium (25-50%),Percent,Estimated,Global Surface Water Explorer extraction for UN Environment Programme,15.55911
2019,E,Global Surface Water Explorer extraction for UN Environment Programme,Lake water quality turbidity (%) [6.6.1],Deviation Level: Medium (25-50%),Percent,Estimated,Global Surface Water Explorer extraction for UN Environment Programme,15.01393
2020,E,Global Surface Water Explorer extraction for UN Environment Programme,Lake water quality turbidity (%) [6.6.1],Deviation Level: Medium (25-50%),Percent,Estimated,Global Surface Water Explorer extraction for UN Environment Programme,23.57691
2017,E,Global Surface Water Explorer extraction for UN Environment Programme,Lake water quality trophic state (%) [6.6.1],Deviation Level: Extreme (75-100%),Percent,Estimated,Global Surface Water Explorer extraction for UN Environment Programme,0.16328
2018,E,Global Surface Water Explorer extraction for UN Environment Programme,Lake water quality trophic state (%) [6.6.1],Deviation Level: Extreme (75-100%),Percent,Estimated,Global Surface Water Explorer extraction for UN Environment Programme,0.12167
2019,E,Global Surface Water Explorer extraction for UN Environment Programme,Lake water quality trophic state (%) [6.6.1],Deviation Level: Extreme (75-100%),Percent,Estimated,Global Surface Water Explorer extraction for UN Environment Programme,0.18603
2020,E,Global Surface Water Explorer extraction for UN Environment Programme,Lake water quality trophic state (%) [6.6.1],Deviation Level: Extreme (75-100%),Percent,Estimated,Global Surface Water Explorer extraction for UN Environment Programme,0.22398
2017,E,Global Surface Water Explorer extraction for UN Environment Programme,Lake water quality trophic state (%) [6.6.1],Deviation Level: High (50-75%),Percent,Estimated,Global Surface Water Explorer extraction for UN Environment Programme,0.82774
2018,E,Global Surface Water Explorer extraction for UN Environment Programme,Lake water quality trophic state (%) [6.6.1],Deviation Level: High (50-75%),Percent,Estimated,Global Surface Water Explorer extraction for UN Environment Programme,1.06171
2019,E,Global Surface Water Explorer extraction for UN Environment Programme,Lake water quality trophic state (%) [6.6.1],Deviation Level: High (50-75%),Percent,Estimated,Global Surface Water Explorer extraction for UN Environment Programme,1.25572
2020,E,Global Surface Water Explorer extraction for UN Environment Programme,Lake water quality trophic state (%) [6.6.1],Deviation Level: High (50-75%),Percent,Estimated,Global Surface Water Explorer extraction for UN Environment Programme,0.77752
2017,E,Global Surface Water Explorer extraction for UN Environment Programme,Lake water quality trophic state (%) [6.6.1],Deviation Level: Low (0-25%),Percent,Estimated,Global Surface Water Explorer extraction for UN Environment Programme,96.56602
2018,E,Global Surface Water Explorer extraction for UN Environment Programme,Lake water quality trophic state (%) [6.6.1],Deviation Level: Low (0-25%),Percent,Estimated,Global Surface Water Explorer extraction for UN Environment Programme,95.91256
2019,E,Global Surface Water Explorer extraction for UN Environment Programme,Lake water quality trophic state (%) [6.6.1],Deviation Level: Low (0-25%),Percent,Estimated,Global Surface Water Explorer extraction for UN Environment Programme,95.05074
2020,E,Global Surface Water Explorer extraction for UN Environment Programme,Lake water quality trophic state (%) [6.6.1],Deviation Level: Low (0-25%),Percent,Estimated,Global Surface Water Explorer extraction for UN Environment Programme,96.81267
2017,E,Global Surface Water Explorer extraction for UN Environment Programme,Lake water quality trophic state (%) [6.6.1],Deviation Level: Medium (25-50%),Percent,Estimated,Global Surface Water Explorer extraction for UN Environment Programme,2.44295
2018,E,Global Surface Water Explorer extraction for UN Environment Programme,Lake water quality trophic state (%) [6.6.1],Deviation Level: Medium (25-50%),Percent,Estimated,Global Surface Water Explorer extraction for UN Environment Programme,2.90405
2019,E,Global Surface Water Explorer extraction for UN Environment Programme,Lake water quality trophic state (%) [6.6.1],Deviation Level: Medium (25-50%),Percent,Estimated,Global Surface Water Explorer extraction for UN Environment Programme,3.50751
2020,E,Global Surface Water Explorer extraction for UN Environment Programme,Lake water quality trophic state (%) [6.6.1],Deviation Level: Medium (25-50%),Percent,Estimated,Global Surface Water Explorer extraction for UN Environment Programme,2.18583
2000,E,Global Surface Water Explorer extraction for UN Environment Programme,Reservoir minimum water area (square kilometres) [6.6.1],,Square kilometers,Estimated,Global Surface Water Explorer extraction for UN Environment Programme,2888.20228
2001,E,Global Surface Water Explorer extraction for UN Environment Programme,Reservoir minimum water area (square kilometres) [6.6.1],,Square kilometers,Estimated,Global Surface Water Explorer extraction for UN Environment Programme,2994.31636
2002,E,Global Surface Water Explorer extraction for UN Environment Programme,Reservoir minimum water area (square kilometres) [6.6.1],,Square kilometers,Estimated,Global Surface Water Explorer extraction for UN Environment Programme,3101.71736
2003,E,Global Surface Water Explorer extraction for UN Environment Programme,Reservoir minimum water area (square kilometres) [6.6.1],,Square kilometers,Estimated,Global Surface Water Explorer extraction for UN Environment Programme,3145.2005
2004,E,Global Surface Water Explorer extraction for UN Environment Programme,Reservoir minimum water area (square kilometres) [6.6.1],,Square kilometers,Estimated,Global Surface Water Explorer extraction for UN Environment Programme,3163.17607
2005,E,Global Surface Water Explorer extraction for UN Environment Programme,Reservoir minimum water area (square kilometres) [6.6.1],,Square kilometers,Estimated,Global Surface Water Explorer extraction for UN Environment Programme,3166.15998
2006,E,Global Surface Water Explorer extraction for UN Environment Programme,Reservoir minimum water area (square kilometres) [6.6.1],,Square kilometers,Estimated,Global Surface Water Explorer extraction for UN Environment Programme,3116.58306
2007,E,Global Surface Water Explorer extraction for UN Environment Programme,Reservoir minimum water area (square kilometres) [6.6.1],,Square kilometers,Estimated,Global Surface Water Explorer extraction for UN Environment Programme,3070.04271
2008,E,Global Surface Water Explorer extraction for UN Environment Programme,Reservoir minimum water area (square kilometres) [6.6.1],,Square kilometers,Estimated,Global Surface Water Explorer extraction for UN Environment Programme,3025.54206
2009,E,Global Surface Water Explorer extraction for UN Environment Programme,Reservoir minimum water area (square kilometres) [6.6.1],,Square kilometers,Estimated,Global Surface Water Explorer extraction for UN Environment Programme,3027.06074
2010,E,Global Surface Water Explorer extraction for UN Environment Programme,Reservoir minimum water area (square kilometres) [6.6.1],,Square kilometers,Estimated,Global Surface Water Explorer extraction for UN Environment Programme,3020.85693
2011,E,Global Surface Water Explorer extraction for UN Environment Programme,Reservoir minimum water area (square kilometres) [6.6.1],,Square kilometers,Estimated,Global Surface Water Explorer extraction for UN Environment Programme,3060.0397
2012,E,Global Surface Water Explorer extraction for UN Environment Programme,Reservoir minimum water area (square kilometres) [6.6.1],,Square kilometers,Estimated,Global Surface Water Explorer extraction for UN Environment Programme,3096.34707
2013,E,Global Surface Water Explorer extraction for UN Environment Programme,Reservoir minimum water area (square kilometres) [6.6.1],,Square kilometers,Estimated,Global Surface Water Explorer extraction for UN Environment Programme,3128.6629
2014,E,Global Surface Water Explorer extraction for UN Environment Programme,Reservoir minimum water area (square kilometres) [6.6.1],,Square kilometers,Estimated,Global Surface Water Explorer extraction for UN Environment Programme,3119.7217
2015,E,Global Surface Water Explorer extraction for UN Environment Programme,Reservoir minimum water area (square kilometres) [6.6.1],,Square kilometers,Estimated,Global Surface Water Explorer extraction for UN Environment Programme,3119.37733
2016,E,Global Surface Water Explorer extraction for UN Environment Programme,Reservoir minimum water area (square kilometres) [6.6.1],,Square kilometers,Estimated,Global Surface Water Explorer extraction for UN Environment Programme,3073.15349
2017,E,Global Surface Water Explorer extraction for UN Environment Programme,Reservoir minimum water area (square kilometres) [6.6.1],,Square kilometers,Estimated,Global Surface Water Explorer extraction for UN Environment Programme,3001.07197
2018,E,Global Surface Water Explorer extraction for UN Environment Programme,Reservoir minimum water area (square kilometres) [6.6.1],,Square kilometers,Estimated,Global Surface Water Explorer extraction for UN Environment Programme,2981.30971
2019,E,Global Surface Water Explorer extraction for UN Environment Programme,Reservoir minimum water area (square kilometres) [6.6.1],,Square kilometers,Estimated,Global Surface Water Explorer extraction for UN Environment Programme,2986.83637
2020,E,Global Surface Water Explorer extraction for UN Environment Programme,Reservoir minimum water area (square kilometres) [6.6.1],,Square kilometers,Estimated,Global Surface Water Explorer extraction for UN Environment Programme,2939.55789
2021,E,Global Surface Water Explorer extraction for UN Environment Programme,Reservoir minimum water area (square kilometres) [6.6.1],,Square kilometers,Estimated,Global Surface Water Explorer extraction for UN Environment Programme,2922.83166
2000,E,Global Surface Water Explorer extraction for UN Environment Programme,Reservoir minimum water area (% of total land area) [6.6.1],,Percent,Estimated,Global Surface Water Explorer extraction for UN Environment Programme,0.00747
2001,E,Global Surface Water Explorer extraction for UN Environment Programme,Reservoir minimum water area (% of total land area) [6.6.1],,Percent,Estimated,Global Surface Water Explorer extraction for UN Environment Programme,0.00774
2002,E,Global Surface Water Explorer extraction for UN Environment Programme,Reservoir minimum water area (% of total land area) [6.6.1],,Percent,Estimated,Global Surface Water Explorer extraction for UN Environment Programme,0.00802
2003,E,Global Surface Water Explorer extraction for UN Environment Programme,Reservoir minimum water area (% of total land area) [6.6.1],,Percent,Estimated,Global Surface Water Explorer extraction for UN Environment Programme,0.00813
2004,E,Global Surface Water Explorer extraction for UN Environment Programme,Reservoir minimum water area (% of total land area) [6.6.1],,Percent,Estimated,Global Surface Water Explorer extraction for UN Environment Programme,0.00818
2005,E,Global Surface Water Explorer extraction for UN Environment Programme,Reservoir minimum water area (% of total land area) [6.6.1],,Percent,Estimated,Global Surface Water Explorer extraction for UN Environment Programme,0.00818
2006,E,Global Surface Water Explorer extraction for UN Environment Programme,Reservoir minimum water area (% of total land area) [6.6.1],,Percent,Estimated,Global Surface Water Explorer extraction for UN Environment Programme,0.00806
2007,E,Global Surface Water Explorer extraction for UN Environment Programme,Reservoir minimum water area (% of total land area) [6.6.1],,Percent,Estimated,Global Surface Water Explorer extraction for UN Environment Programme,0.00794
2008,E,Global Surface Water Explorer extraction for UN Environment Programme,Reservoir minimum water area (% of total land area) [6.6.1],,Percent,Estimated,Global Surface Water Explorer extraction for UN Environment Programme,0.00782
2009,E,Global Surface Water Explorer extraction for UN Environment Programme,Reservoir minimum water area (% of total land area) [6.6.1],,Percent,Estimated,Global Surface Water Explorer extraction for UN Environment Programme,0.00782
2010,E,Global Surface Water Explorer extraction for UN Environment Programme,Reservoir minimum water area (% of total land area) [6.6.1],,Percent,Estimated,Global Surface Water Explorer extraction for UN Environment Programme,0.00781
2011,E,Global Surface Water Explorer extraction for UN Environment Programme,Reservoir minimum water area (% of total land area) [6.6.1],,Percent,Estimated,Global Surface Water Explorer extraction for UN Environment Programme,0.00791
2012,E,Global Surface Water Explorer extraction for UN Environment Programme,Reservoir minimum water area (% of total land area) [6.6.1],,Percent,Estimated,Global Surface Water Explorer extraction for UN Environment Programme,0.008
2013,E,Global Surface Water Explorer extraction for UN Environment Programme,Reservoir minimum water area (% of total land area) [6.6.1],,Percent,Estimated,Global Surface Water Explorer extraction for UN Environment Programme,0.00809
2014,E,Global Surface Water Explorer extraction for UN Environment Programme,Reservoir minimum water area (% of total land area) [6.6.1],,Percent,Estimated,Global Surface Water Explorer extraction for UN Environment Programme,0.00806
2015,E,Global Surface Water Explorer extraction for UN Environment Programme,Reservoir minimum water area (% of total land area) [6.6.1],,Percent,Estimated,Global Surface Water Explorer extraction for UN Environment Programme,0.00806
2016,E,Global Surface Water Explorer extraction for UN Environment Programme,Reservoir minimum water area (% of total land area) [6.6.1],,Percent,Estimated,Global Surface Water Explorer extraction for UN Environment Programme,0.00794
2017,E,Global Surface Water Explorer extraction for UN Environment Programme,Reservoir minimum water area (% of total land area) [6.6.1],,Percent,Estimated,Global Surface Water Explorer extraction for UN Environment Programme,0.00776
2018,E,Global Surface Water Explorer extraction for UN Environment Programme,Reservoir minimum water area (% of total land area) [6.6.1],,Percent,Estimated,Global Surface Water Explorer extraction for UN Environment Programme,0.00771
2019,E,Global Surface Water Explorer extraction for UN Environment Programme,Reservoir minimum water area (% of total land area) [6.6.1],,Percent,Estimated,Global Surface Water Explorer extraction for UN Environment Programme,0.00772
2020,E,Global Surface Water Explorer extraction for UN Environment Programme,Reservoir minimum water area (% of total land area) [6.6.1],,Percent,Estimated,Global Surface Water Explorer extraction for UN Environment Programme,0.0076
2021,E,Global Surface Water Explorer extraction for UN Environment Programme,Reservoir minimum water area (% of total land area) [6.6.1],,Percent,Estimated,Global Surface Water Explorer extraction for UN Environment Programme,0.00756
2000,E,Global Surface Water Explorer extraction for UN Environment Programme,Reservoir maximum water area (square kilometres) [6.6.1],,Square kilometers,Estimated,Global Surface Water Explorer extraction for UN Environment Programme,3061.33832
2001,E,Global Surface Water Explorer extraction for UN Environment Programme,Reservoir maximum water area (square kilometres) [6.6.1],,Square kilometers,Estimated,Global Surface Water Explorer extraction for UN Environment Programme,3179.46053
2002,E,Global Surface Water Explorer extraction for UN Environment Programme,Reservoir maximum water area (square kilometres) [6.6.1],,Square kilometers,Estimated,Global Surface Water Explorer extraction for UN Environment Programme,3320.42091
2003,E,Global Surface Water Explorer extraction for UN Environment Programme,Reservoir maximum water area (square kilometres) [6.6.1],,Square kilometers,Estimated,Global Surface Water Explorer extraction for UN Environment Programme,3334.81017
2004,E,Global Surface Water Explorer extraction for UN Environment Programme,Reservoir maximum water area (square kilometres) [6.6.1],,Square kilometers,Estimated,Global Surface Water Explorer extraction for UN Environment Programme,3341.95575
2005,E,Global Surface Water Explorer extraction for UN Environment Programme,Reservoir maximum water area (square kilometres) [6.6.1],,Square kilometers,Estimated,Global Surface Water Explorer extraction for UN Environment Programme,3351.16557
2006,E,Global Surface Water Explorer extraction for UN Environment Programme,Reservoir maximum water area (square kilometres) [6.6.1],,Square kilometers,Estimated,Global Surface Water Explorer extraction for UN Environment Programme,3312.19951
2007,E,Global Surface Water Explorer extraction for UN Environment Programme,Reservoir maximum water area (square kilometres) [6.6.1],,Square kilometers,Estimated,Global Surface Water Explorer extraction for UN Environment Programme,3269.36064
2008,E,Global Surface Water Explorer extraction for UN Environment Programme,Reservoir maximum water area (square kilometres) [6.6.1],,Square kilometers,Estimated,Global Surface Water Explorer extraction for UN Environment Programme,3239.11909
2009,E,Global Surface Water Explorer extraction for UN Environment Programme,Reservoir maximum water area (square kilometres) [6.6.1],,Square kilometers,Estimated,Global Surface Water Explorer extraction for UN Environment Programme,3248.99066
2010,E,Global Surface Water Explorer extraction for UN Environment Programme,Reservoir maximum water area (square kilometres) [6.6.1],,Square kilometers,Estimated,Global Surface Water Explorer extraction for UN Environment Programme,3248.32981
2011,E,Global Surface Water Explorer extraction for UN Environment Programme,Reservoir maximum water area (square kilometres) [6.6.1],,Square kilometers,Estimated,Global Surface Water Explorer extraction for UN Environment Programme,3277.37795
2012,E,Global Surface Water Explorer extraction for UN Environment Programme,Reservoir maximum water area (square kilometres) [6.6.1],,Square kilometers,Estimated,Global Surface Water Explorer extraction for UN Environment Programme,3310.29746
2013,E,Global Surface Water Explorer extraction for UN Environment Programme,Reservoir maximum water area (square kilometres) [6.6.1],,Square kilometers,Estimated,Global Surface Water Explorer extraction for UN Environment Programme,3331.83707
2014,E,Global Surface Water Explorer extraction for UN Environment Programme,Reservoir maximum water area (square kilometres) [6.6.1],,Square kilometers,Estimated,Global Surface Water Explorer extraction for UN Environment Programme,3321.94272
2015,E,Global Surface Water Explorer extraction for UN Environment Programme,Reservoir maximum water area (square kilometres) [6.6.1],,Square kilometers,Estimated,Global Surface Water Explorer extraction for UN Environment Programme,3326.89615
2016,E,Global Surface Water Explorer extraction for UN Environment Programme,Reservoir maximum water area (square kilometres) [6.6.1],,Square kilometers,Estimated,Global Surface Water Explorer extraction for UN Environment Programme,3300.5737
2017,E,Global Surface Water Explorer extraction for UN Environment Programme,Reservoir maximum water area (square kilometres) [6.6.1],,Square kilometers,Estimated,Global Surface Water Explorer extraction for UN Environment Programme,3233.8223
2018,E,Global Surface Water Explorer extraction for UN Environment Programme,Reservoir maximum water area (square kilometres) [6.6.1],,Square kilometers,Estimated,Global Surface Water Explorer extraction for UN Environment Programme,3242.58768
2019,E,Global Surface Water Explorer extraction for UN Environment Programme,Reservoir maximum water area (square kilometres) [6.6.1],,Square kilometers,Estimated,Global Surface Water Explorer extraction for UN Environment Programme,3278.1174
2020,E,Global Surface Water Explorer extraction for UN Environment Programme,Reservoir maximum water area (square kilometres) [6.6.1],,Square kilometers,Estimated,Global Surface Water Explorer extraction for UN Environment Programme,3246.56846
2021,E,Global Surface Water Explorer extraction for UN Environment Programme,Reservoir maximum water area (square kilometres) [6.6.1],,Square kilometers,Estimated,Global Surface Water Explorer extraction for UN Environment Programme,3233.94023
2000,E,Global Surface Water Explorer extraction for UN Environment Programme,Reservoir maximum water area (% of total land area) [6.6.1],,Percent,Estimated,Global Surface Water Explorer extraction for UN Environment Programme,0.00791
2001,E,Global Surface Water Explorer extraction for UN Environment Programme,Reservoir maximum water area (% of total land area) [6.6.1],,Percent,Estimated,Global Surface Water Explorer extraction for UN Environment Programme,0.00822
2002,E,Global Surface Water Explorer extraction for UN Environment Programme,Reservoir maximum water area (% of total land area) [6.6.1],,Percent,Estimated,Global Surface Water Explorer extraction for UN Environment Programme,0.00858
2003,E,Global Surface Water Explorer extraction for UN Environment Programme,Reservoir maximum water area (% of total land area) [6.6.1],,Percent,Estimated,Global Surface Water Explorer extraction for UN Environment Programme,0.00862
2004,E,Global Surface Water Explorer extraction for UN Environment Programme,Reservoir maximum water area (% of total land area) [6.6.1],,Percent,Estimated,Global Surface Water Explorer extraction for UN Environment Programme,0.00864
2005,E,Global Surface Water Explorer extraction for UN Environment Programme,Reservoir maximum water area (% of total land area) [6.6.1],,Percent,Estimated,Global Surface Water Explorer extraction for UN Environment Programme,0.00866
2006,E,Global Surface Water Explorer extraction for UN Environment Programme,Reservoir maximum water area (% of total land area) [6.6.1],,Percent,Estimated,Global Surface Water Explorer extraction for UN Environment Programme,0.00856
2007,E,Global Surface Water Explorer extraction for UN Environment Programme,Reservoir maximum water area (% of total land area) [6.6.1],,Percent,Estimated,Global Surface Water Explorer extraction for UN Environment Programme,0.00845
2008,E,Global Surface Water Explorer extraction for UN Environment Programme,Reservoir maximum water area (% of total land area) [6.6.1],,Percent,Estimated,Global Surface Water Explorer extraction for UN Environment Programme,0.00837
2009,E,Global Surface Water Explorer extraction for UN Environment Programme,Reservoir maximum water area (% of total land area) [6.6.1],,Percent,Estimated,Global Surface Water Explorer extraction for UN Environment Programme,0.0084
2010,E,Global Surface Water Explorer extraction for UN Environment Programme,Reservoir maximum water area (% of total land area) [6.6.1],,Percent,Estimated,Global Surface Water Explorer extraction for UN Environment Programme,0.0084
2011,E,Global Surface Water Explorer extraction for UN Environment Programme,Reservoir maximum water area (% of total land area) [6.6.1],,Percent,Estimated,Global Surface Water Explorer extraction for UN Environment Programme,0.00847
2012,E,Global Surface Water Explorer extraction for UN Environment Programme,Reservoir maximum water area (% of total land area) [6.6.1],,Percent,Estimated,Global Surface Water Explorer extraction for UN Environment Programme,0.00856
2013,E,Global Surface Water Explorer extraction for UN Environment Programme,Reservoir maximum water area (% of total land area) [6.6.1],,Percent,Estimated,Global Surface Water Explorer extraction for UN Environment Programme,0.00861
2014,E,Global Surface Water Explorer extraction for UN Environment Programme,Reservoir maximum water area (% of total land area) [6.6.1],,Percent,Estimated,Global Surface Water Explorer extraction for UN Environment Programme,0.00859
2015,E,Global Surface Water Explorer extraction for UN Environment Programme,Reservoir maximum water area (% of total land area) [6.6.1],,Percent,Estimated,Global Surface Water Explorer extraction for UN Environment Programme,0.0086
2016,E,Global Surface Water Explorer extraction for UN Environment Programme,Reservoir maximum water area (% of total land area) [6.6.1],,Percent,Estimated,Global Surface Water Explorer extraction for UN Environment Programme,0.00853
2017,E,Global Surface Water Explorer extraction for UN Environment Programme,Reservoir maximum water area (% of total land area) [6.6.1],,Percent,Estimated,Global Surface Water Explorer extraction for UN Environment Programme,0.00836
2018,E,Global Surface Water Explorer extraction for UN Environment Programme,Reservoir maximum water area (% of total land area) [6.6.1],,Percent,Estimated,Global Surface Water Explorer extraction for UN Environment Programme,0.00838
2019,E,Global Surface Water Explorer extraction for UN Environment Programme,Reservoir maximum water area (% of total land area) [6.6.1],,Percent,Estimated,Global Surface Water Explorer extraction for UN Environment Programme,0.00847
2020,E,Global Surface Water Explorer extraction for UN Environment Programme,Reservoir maximum water area (% of total land area) [6.6.1],,Percent,Estimated,Global Surface Water Explorer extraction for UN Environment Programme,0.00839
2021,E,Global Surface Water Explorer extraction for UN Environment Programme,Reservoir maximum water area (% of total land area) [6.6.1],,Percent,Estimated,Global Surface Water Explorer extraction for UN Environment Programme,0.00836
2021,C,Ramsar National Report COP14,Extent of human made wetlands (square kilometres) [6.6.1],,Square kilometers,Country Data,Ramsar National Report COP14,6521.51
2021,C,Ramsar National Report COP14,Extent of inland wetlands (square kilometres) [6.6.1],,Square kilometers,Country Data,Ramsar National Report COP14,111717.4
2017,E,Global Surface Water Explorer extraction for UN Environment Programme,Wetlands area (square kilometres) [6.6.1],,Square kilometers,Estimated,Global Surface Water Explorer extraction for UN Environment Programme,2195.62
2017,E,Global Surface Water Explorer extraction for UN Environment Programme,Wetlands area (% of total land area) [6.6.1],,Percent,Estimated,Global Surface Water Explorer extraction for UN Environment Programme,0.56
